ID,Geogname,County,Gender,Age,All Cancers,Head and Neck,Lip,Tongue,"Mouth, Other",Pharynx and Tonsil,Paranasal Sinuses,Larynx,Gastro - Intestinal,Esophagus,Stomach,Small Bowel,Colon and Rectum,Liver and Biliary Tract,Pancreas,Peritoneum and GI Unspecified,Respiratory,"Lung,Trachea and Bronchus","Mediastinum, Pleura",Breast,Breast2,Skin and Melanoma,Melanoma of Skin,Other Skin,Gynecological,Cervix,Body of Uterus,Ovary,Other Female Genital,Genito - Urinary,Testis,Penis and Male Genital Unspecified,Bladder,"Kidney, Ureter and Other Urinary",Lymphomas,Non-Hodgkin's Lymphoma,Hodgkin's Lymphoma,Hematologic,Multiple Myeloma,Leukemia,Miscellaneous Proliferative,Other,Eye and Lacrimal Gland,Brain,"Meninges, Spinal Cord and other CNS",Thyroid,Other Endocrine,Bone and Connective Tissue,Other and Ill Defined Sites,Unknown Primary,Prostate
1,Shelburne County,Shelburne,Female,0 - 19,10.1,0,0,0,0,0,0,0,0,0,0,0,0,0,0,0,0,0,0,0,0,0,0,0,0,0,0,0,0,0,0,0,0,0,0,0,0,0,0,0,0,10.1,0,0,0,0,0,0,0,0,0
2,Shelburne County,Shelburne,Female,20 - 34,39.5,0,0,0,0,0,0,0,0,0,0,0,0,0,0,0,0,0,0,13.2,0,0,0,0,0,0,0,0,0,0,0,0,0,0,0,0,0,0,0,0,0,26.4,0,0,0,0,0,0,0,0,0
3,Shelburne County,Shelburne,Female,35 - 64,374.9,7.8,0,0,0,0,0,0,23.4,0,0,0,0,0,0,0,23.4,0,0,101.5,0,7.8,0,0,93.7,0,0,0,0,54.7,0,0,0,0,7.8,0,0,7.8,0,0,0,46.9,0,0,0,0,0,0,0,0,0
4,Shelburne County,Shelburne,Female,65 -74,1074,0,0,0,0,0,0,0,167.1,0,0,0,0,0,0,0,95.5,0,0,405.7,0,23.9,0,0,167.1,0,0,0,0,0,0,0,0,0,71.6,0,0,47.7,0,0,0,95.5,0,0,0,0,0,0,0,0,0
5,Shelburne County,Shelburne,Female,75 +,1876.8,14.3,0,0,0,0,0,0,573.1,0,0,0,0,0,0,0,243.6,0,0,530.1,0,0,0,0,143.3,0,0,0,0,100.3,0,0,0,0,100.3,0,0,86,0,0,0,86,0,0,0,0,0,0,0,0,0
6,Shelburne County,Shelburne,Female,Total,407.4,2.9,0,0,0,0,0,0,79.7,0,0,0,0,0,0,0,43.4,0,0,121.6,0,3.9,0,0,55.9,0,0,0,0,23.8,0,0,0,0,19.8,0,0,14.6,0,0,0,41.8,0,0,0,0,0,0,0,0,0
7,Shelburne County,Shelburne,Male,0 - 19,9.7,0,0,0,0,0,0,0,0,0,0,0,0,0,0,0,0,0,0,0,0,0,0,0,0,0,0,0,0,9.7,0,0,0,0,0,0,0,0,0,0,0,0,0,0,0,0,0,0,0,0,0
8,Shelburne County,Shelburne,Male,20 - 34,37.1,0,0,0,0,0,0,0,0,0,0,0,0,0,0,0,0,0,0,0,0,0,0,0,0,0,0,0,0,24.7,0,0,0,0,0,0,0,0,0,0,0,12.4,0,0,0,0,0,0,0,0,0
9,Shelburne County,Shelburne,Male,35 - 64,178.8,7.5,0,0,0,0,0,0,37.3,0,0,0,0,0,0,0,44.7,0,0,0,0,14.9,0,0,0,0,0,0,0,44.7,0,0,0,0,0,0,0,7.5,0,0,0,22.4,0,0,0,0,0,0,0,0,0
10,Shelburne County,Shelburne,Male,65 -74,1404.7,66.9,0,0,0,0,0,0,289.9,0,0,0,0,0,0,0,379,0,0,0,0,22.3,0,0,0,0,0,0,0,445.9,0,0,0,0,44.6,0,0,22.3,0,0,0,133.8,0,0,0,0,0,0,0,0,0
11,Shelburne County,Shelburne,Male,75 +,2698.3,54.7,0,0,0,0,0,0,692.8,0,0,0,0,0,0,0,474,0,0,0,0,36.5,0,0,0,0,0,0,0,1166.8,0,0,0,0,36.5,0,0,109.4,0,0,0,127.6,0,0,0,0,0,0,0,0,0
12,Shelburne County,Shelburne,Male,Total,477.1,13.7,0,0,0,0,0,0,110.7,0,0,0,0,0,0,0,97.2,0,0,0,0,9.9,0,0,0,0,0,0,0,188.2,0,0,0,0,7.9,0,0,15.4,0,0,0,34.2,0,0,0,0,0,0,0,0,0
13,Shelburne County,Shelburne,Total,0 - 19,9.9,0,0,0,0,0,0,0,0,0,0,0,0,0,0,0,0,0,0,0,0,0,0,0,0,0,0,0,0,4.9,0,0,0,0,0,0,0,0,0,0,0,4.9,0,0,0,0,0,0,0,0,0
14,Shelburne County,Shelburne,Total,20 - 34,38.3,0,0,0,0,0,0,0,0,0,0,0,0,0,0,0,0,0,0,6.4,0,0,0,0,0,0,0,0,0,12.8,0,0,0,0,0,0,0,0,0,0,0,19.1,0,0,0,0,0,0,0,0,0
15,Shelburne County,Shelburne,Total,35 - 64,274.5,7.6,0,0,0,0,0,0,30.5,0,0,0,0,0,0,0,34.3,0,0,49.6,0,11.4,0,0,45.8,0,0,0,0,49.6,0,0,0,0,3.8,0,0,7.6,0,0,0,34.3,0,0,0,0,0,0,0,0,0
16,Shelburne County,Shelburne,Total,65 -74,1245,34.6,0,0,0,0,0,0,230.5,0,0,0,0,0,0,0,242.1,0,0,196,0,23.1,0,0,80.7,0,0,0,0,230.5,0,0,0,0,57.6,0,0,34.6,0,0,0,115.3,0,0,0,0,0,0,0,0,0
17,Shelburne County,Shelburne,Total,75 +,2238.3,32.1,0,0,0,0,0,0,625.8,0,0,0,0,0,0,0,345,0,0,296.8,0,16,0,0,80.2,0,0,0,0,569.6,0,0,0,0,72.2,0,0,96.3,0,0,0,104.3,0,0,0,0,0,0,0,0,0
18,Shelburne County,Shelburne,Total,Total,437.3,8.5,0,0,0,0,0,0,95.3,0,0,0,0,0,0,0,69.8,0,0,63.3,0,6.7,0,0,28.1,0,0,0,0,99.3,0,0,0,0,14.2,0,0,14.7,0,0,0,37.5,0,0,0,0,0,0,0,0,0
19,Yarmouth County,Yarmouth,Female,20 - 34,32.2,0,0,0,0,0,0,0,0,0,0,0,0,0,0,0,0,0,0,16.1,0,0,0,0,16.1,0,0,0,0,0,0,0,0,0,0,0,0,0,0,0,0,0,0,0,0,0,0,0,0,0,0
20,Yarmouth County,Yarmouth,Female,35 - 64,331.5,9.3,0,0,0,0,0,0,60.7,0,0,0,0,0,0,0,28,0,0,112.1,0,9.3,0,0,60.7,0,0,0,0,18.7,0,0,0,0,18.7,0,0,9.3,0,0,0,4.7,0,0,0,0,0,0,0,0,0
21,Yarmouth County,Yarmouth,Female,65 -74,983.6,0,0,0,0,0,0,0,213.8,0,0,0,0,0,0,0,156.8,0,0,370.6,0,28.5,0,0,71.3,0,0,0,0,57,0,0,0,0,57,0,0,14.3,0,0,0,14.3,0,0,0,0,0,0,0,0,0
22,Yarmouth County,Yarmouth,Female,75 +,1700.8,39.4,0,0,0,0,0,0,503.9,0,0,0,0,0,0,0,228.3,0,0,346.5,0,15.7,0,0,149.6,0,0,0,0,149.6,0,0,0,0,39.4,0,0,110.2,0,0,0,118.1,0,0,0,0,0,0,0,0,0
23,Yarmouth County,Yarmouth,Female,Total,359.2,6.3,0,0,0,0,0,0,86.1,0,0,0,0,0,0,0,45.6,0,0,102.9,0,6.4,0,0,42.7,0,0,0,0,27,0,0,0,0,14.4,0,0,14.5,0,0,0,13.4,0,0,0,0,0,0,0,0,0
24,Yarmouth County,Yarmouth,Male,0 - 19,11.5,0,0,0,0,0,0,0,0,0,0,0,0,0,0,0,0,0,0,0,0,0,0,0,0,0,0,0,0,0,0,0,0,0,0,0,0,0,0,0,0,11.5,0,0,0,0,0,0,0,0,0
25,Yarmouth County,Yarmouth,Male,20 - 34,31.9,0,0,0,0,0,0,0,0,0,0,0,0,0,0,0,0,0,0,0,0,0,0,0,0,0,0,0,0,0,0,0,0,0,23.9,0,0,8,0,0,0,0,0,0,0,0,0,0,0,0,0
26,Yarmouth County,Yarmouth,Male,35 - 64,303.1,14.2,0,0,0,0,0,0,66.3,0,0,0,0,0,0,0,47.4,0,0,4.7,0,18.9,0,0,0,0,0,0,0,94.7,0,0,0,0,28.4,0,0,18.9,0,0,0,9.5,0,0,0,0,0,0,0,0,0
27,Yarmouth County,Yarmouth,Male,65 -74,1052.6,99.6,0,0,0,0,0,0,256,0,0,0,0,0,0,0,284.5,0,0,0,0,56.9,0,0,0,0,0,0,0,241.8,0,0,0,0,71.1,0,0,0,0,0,0,42.7,0,0,0,0,0,0,0,0,0
28,Yarmouth County,Yarmouth,Male,75 +,2913,65.2,0,0,0,0,0,0,630.4,0,0,0,0,0,0,0,695.7,0,0,0,0,65.2,0,0,0,0,0,0,0,1021.7,0,0,0,0,43.5,0,0,206.5,0,0,0,184.8,0,0,0,0,0,0,0,0,0
29,Yarmouth County,Yarmouth,Male,Total,498.8,19.2,0,0,0,0,0,0,102.6,0,0,0,0,0,0,0,115,0,0,1,0,17.6,0,0,0,0,0,0,0,159.6,0,0,0,0,24.3,0,0,28.6,0,0,0,30.9,0,0,0,0,0,0,0,0,0
30,Yarmouth County,Yarmouth,Total,0 - 19,8.7,0,0,0,0,0,0,0,2.9,0,0,0,0,0,0,0,0,0,0,0,0,0,0,0,0,0,0,0,0,0,0,0,0,0,0,0,0,0,0,0,0,5.8,0,0,0,0,0,0,0,0,0
31,Yarmouth County,Yarmouth,Total,20 - 34,32.1,0,0,0,0,0,0,0,0,0,0,0,0,0,0,0,0,0,0,8,0,0,0,0,8,0,0,0,0,0,0,0,0,0,12,0,0,4,0,0,0,0,0,0,0,0,0,0,0,0,0
32,Yarmouth County,Yarmouth,Total,35 - 64,317.4,11.8,0,0,0,0,0,0,63.5,0,0,0,0,0,0,0,37.6,0,0,58.8,0,14.1,0,0,30.6,0,0,0,0,56.4,0,0,0,0,23.5,0,0,14.1,0,0,0,7.1,0,0,0,0,0,0,0,0,0
33,Yarmouth County,Yarmouth,Total,65 -74,1018.2,49.8,0,0,0,0,0,0,235,0,0,0,0,0,0,0,220.7,0,0,185.1,0,42.7,0,0,35.6,0,0,0,0,149.5,0,0,0,0,64.1,0,0,7.1,0,0,0,28.5,0,0,0,0,0,0,0,0,0
34,Yarmouth County,Yarmouth,Total,75 +,2210,50.2,0,0,0,0,0,0,557.1,0,0,0,0,0,0,0,424.7,0,0,200.9,0,36.5,0,0,86.8,0,0,0,0,516,0,0,0,0,41.1,0,0,150.7,0,0,0,146.1,0,0,0,0,0,0,0,0,0
35,Yarmouth County,Yarmouth,Total,Total,419,12.7,0,0,0,0,0,0,92.7,0,0,0,0,0,0,0,75.6,0,0,54.9,0,11.7,0,0,22.6,0,0,0,0,86.5,0,0,0,0,19.6,0,0,20.8,0,0,0,22,0,0,0,0,0,0,0,0,0
36,Digby County,Digby,Female,0 - 19,18.6,0,0,0,0,0,0,0,0,0,0,0,0,0,0,0,0,0,0,0,0,0,0,0,0,0,0,0,0,0,0,0,0,0,0,0,0,0,0,0,0,18.6,0,0,0,0,0,0,0,0,0
37,Digby County,Digby,Female,20 - 34,58.9,0,0,0,0,0,0,0,0,0,0,0,0,0,0,0,11.8,0,0,0,0,11.8,0,0,23.5,0,0,0,0,0,0,0,0,0,0,0,0,0,0,0,0,11.8,0,0,0,0,0,0,0,0,0
38,Digby County,Digby,Female,35 - 64,339.3,6.5,0,0,0,0,0,0,32.6,0,0,0,0,0,0,0,32.6,0,0,110.9,0,32.6,0,0,32.6,0,0,0,0,0,0,0,0,0,19.6,0,0,13.1,0,0,0,58.7,0,0,0,0,0,0,0,0,0
39,Digby County,Digby,Female,65 -74,717.9,16.7,0,0,0,0,0,0,100.2,0,0,0,0,0,0,0,116.9,0,0,250.4,0,0,0,0,116.9,0,0,0,0,33.4,0,0,0,0,16.7,0,0,16.7,0,0,0,50.1,0,0,0,0,0,0,0,0,0
40,Digby County,Digby,Female,75 +,1820.8,28.9,0,0,0,0,0,0,423.9,0,0,0,0,0,0,0,375.7,0,0,366.1,0,48.2,0,0,154.1,0,0,0,0,86.7,0,0,0,0,48.2,0,0,106,0,0,0,183,0,0,0,0,0,0,0,0,0
41,Queens County,Digby,Male,75 +,3266.2,106,0,0,0,0,0,0,593.8,0,0,0,0,0,0,0,636.3,0,0,21.2,0,84.8,0,0,0,0,0,0,0,1315,0,0,0,0,106,0,0,169.7,0,0,0,233.3,0,0,0,0,0,0,0,0,0
42,Digby County,Digby,Female,Total,363.1,5.8,0,0,0,0,0,0,62.1,0,0,0,0,0,0,0,64,0,0,88.4,0,16.4,0,0,40.4,0,0,0,0,12.4,0,0,0,0,11.4,0,0,17,0,0,0,45.2,0,0,0,0,0,0,0,0,0
43,Digby County,Digby,Male,0 - 19,27.3,0,0,0,0,0,0,0,0,0,0,0,0,0,0,0,0,0,0,0,0,0,0,0,0,0,0,0,0,0,0,0,0,0,9.1,0,0,0,0,0,0,18.2,0,0,0,0,0,0,0,0,0
44,Digby County,Digby,Male,20 - 34,22.2,0,0,0,0,0,0,0,0,0,0,0,0,0,0,0,11.1,0,0,0,0,0,0,0,0,0,0,0,0,0,0,0,0,0,11.1,0,0,0,0,0,0,0,0,0,0,0,0,0,0,0,0
45,Digby County,Digby,Male,35 - 64,288.9,18.8,0,0,0,0,0,0,56.5,0,0,0,0,0,0,0,50.2,0,0,0,0,6.3,0,0,0,0,0,0,0,100.5,0,0,0,0,31.4,0,0,18.8,0,0,0,6.3,0,0,0,0,0,0,0,0,0
46,Digby County,Digby,Male,65 -74,1061.8,52.2,0,0,0,0,0,0,243.7,0,0,0,0,0,0,0,104.4,0,0,0,0,69.6,0,0,0,0,0,0,0,470,0,0,0,0,52.2,0,0,17.4,0,0,0,52.2,0,0,0,0,0,0,0,0,0
47,Digby County,Digby,Male,75 +,3042.9,143,0,0,0,0,0,0,676.2,0,0,0,0,0,0,0,585.2,0,0,0,0,65,0,0,0,0,0,0,0,1183.4,0,0,0,0,104,0,0,91,0,0,0,195.1,0,0,0,0,0,0,0,0,0
48,Digby County,Digby,Male,Total,508.9,23,0,0,0,0,0,0,109.6,0,0,0,0,0,0,0,90.2,0,0,0,0,14.8,0,0,0,0,0,0,0,195,0,0,0,0,28.1,0,0,15.8,0,0,0,32.4,0,0,0,0,0,0,0,0,0
49,Digby County,Digby,Total,0 - 19,23,0,0,0,0,0,0,0,0,0,0,0,0,0,0,0,0,0,0,0,0,0,0,0,0,0,0,0,0,0,0,0,0,0,4.6,0,0,0,0,0,0,18.4,0,0,0,0,0,0,0,0,0
50,Digby County,Digby,Total,20 - 34,40,0,0,0,0,0,0,0,0,0,0,0,0,0,0,0,11.4,0,0,0,0,5.7,0,0,11.4,0,0,0,0,0,0,0,0,0,5.7,0,0,0,0,0,0,5.7,0,0,0,0,0,0,0,0,0
51,Digby County,Digby,Total,35 - 64,313.6,12.8,0,0,0,0,0,0,44.8,0,0,0,0,0,0,0,41.6,0,0,54.4,0,19.2,0,0,16,0,0,0,0,51.2,0,0,0,0,25.6,0,0,16,0,0,0,32,0,0,0,0,0,0,0,0,0
52,Digby County,Digby,Total,65 -74,886.2,34.1,0,0,0,0,0,0,170.4,0,0,0,0,0,0,0,110.8,0,0,127.8,0,34.1,0,0,59.7,0,0,0,0,247.1,0,0,0,0,34.1,0,0,17,0,0,0,51.1,0,0,0,0,0,0,0,0,0
53,Digby County,Digby,Total,75 +,2340.9,77.5,0,0,0,0,0,0,531.3,0,0,0,0,0,0,0,464.9,0,0,210.3,0,55.3,0,0,88.5,0,0,0,0,553.4,0,0,0,0,71.9,0,0,99.6,0,0,0,188.2,0,0,0,0,0,0,0,0,0
54,Digby County,Digby,Total,Total,424,13.5,0,0,0,0,0,0,82.7,0,0,0,0,0,0,0,75.6,0,0,47,0,15.2,0,0,21.4,0,0,0,0,94.4,0,0,0,0,19.5,0,0,16.4,0,0,0,38.2,0,0,0,0,0,0,0,0,0
55,Queens County,Queens,Female,0 - 19,15.3,0,0,0,0,0,0,0,0,0,0,0,0,0,0,0,0,0,0,0,0,0,0,0,0,0,0,0,0,0,0,0,0,0,0,0,0,0,0,0,0,15.3,0,0,0,0,0,0,0,0,0
56,Queens County,Queens,Female,20 - 34,40.1,0,0,0,0,0,0,0,0,0,0,0,0,0,0,0,0,0,0,20,0,0,0,0,20,0,0,0,0,0,0,0,0,0,0,0,0,0,0,0,0,0,0,0,0,0,0,0,0,0,0
57,Queens County,Queens,Female,35 - 64,320.3,42.7,0,0,0,0,0,0,0,0,0,0,0,0,0,0,32,0,0,138.8,0,21.4,0,0,21.4,0,0,0,0,21.4,0,0,0,0,10.7,0,0,10.7,0,0,0,21.4,0,0,0,0,0,0,0,0,0
58,Queens County,Queens,Female,65 -74,1078.2,53.9,0,0,0,0,0,0,134.8,0,0,0,0,0,0,0,188.7,0,0,296.5,0,0,0,0,188.7,0,0,0,0,107.8,0,0,0,0,53.9,0,0,27,0,0,0,27,0,0,0,0,0,0,0,0,0
59,Queens County,Queens,Female,75 +,2093.8,16.8,0,0,0,0,0,0,519.3,0,0,0,0,0,0,0,402,0,0,519.3,0,33.5,0,0,117.3,0,0,0,0,83.8,0,0,0,0,100.5,0,0,117.3,0,0,0,184.3,0,0,0,0,0,0,0,0,0
60,Queens County,Queens,Female,Total,415.6,17.7,0,0,0,0,0,0,67.5,0,0,0,0,0,0,0,70.3,0,0,119.4,0,10.5,0,0,37.5,0,0,0,0,25,0,0,0,0,20.3,0,0,16.4,0,0,0,31,0,0,0,0,0,0,0,0,0
61,Queens County,Queens,Male,0 - 19,30.5,0,0,0,0,0,0,0,0,0,0,0,0,0,0,0,0,0,0,0,0,15.2,0,0,0,0,0,0,0,0,0,0,0,0,0,0,0,0,0,0,0,15.2,0,0,0,0,0,0,0,0,0
62,Queens County,Queens,Male,20 - 34,19.8,0,0,0,0,0,0,0,0,0,0,0,0,0,0,0,0,0,0,0,0,19.8,0,0,0,0,0,0,0,0,0,0,0,0,0,0,0,0,0,0,0,0,0,0,0,0,0,0,0,0,0
63,Queens County,Queens,Male,35 - 64,326,31.5,0,0,0,0,0,0,21,0,0,0,0,0,0,0,42.1,0,0,0,0,10.5,0,0,0,0,0,0,0,94.6,0,0,0,0,63.1,0,0,10.5,0,0,0,52.6,0,0,0,0,0,0,0,0,0
64,Queens County,Queens,Male,65 -74,1398.4,158.3,0,0,0,0,0,0,184.7,0,0,0,0,0,0,0,316.6,0,0,0,0,0,0,0,0,0,0,0,0,580.5,0,0,0,0,79.2,0,0,52.8,0,0,0,26.4,0,0,0,0,0,0,0,0,0
65,Queens County,Queens,Male,Total,588,34.2,0,0,0,0,0,0,88.1,0,0,0,0,0,0,0,108.3,0,0,1.7,0,21.2,0,0,0,0,0,0,0,226.3,0,0,0,0,36,0,0,24.8,0,0,0,47.6,0,0,0,0,0,0,0,0,0
66,Queens County,Queens,Total,0 - 19,22.9,0,0,0,0,0,0,0,0,0,0,0,0,0,0,0,0,0,0,0,0,7.6,0,0,0,0,0,0,0,0,0,0,0,0,0,0,0,0,0,0,0,15.3,0,0,0,0,0,0,0,0,0
67,Queens County,Queens,Total,20 - 34,29.9,0,0,0,0,0,0,0,0,0,0,0,0,0,0,0,0,0,0,10,0,10,0,0,10,0,0,0,0,0,0,0,0,0,0,0,0,0,0,0,0,0,0,0,0,0,0,0,0,0,0
68,Queens County,Queens,Total,35 - 64,323.2,37.1,0,0,0,0,0,0,10.6,0,0,0,0,0,0,0,37.1,0,0,68.9,0,15.9,0,0,10.6,0,0,0,0,58.3,0,0,0,0,37.1,0,0,10.6,0,0,0,37.1,0,0,0,0,0,0,0,0,0
69,Queens County,Queens,Total,65 -74,1240,106.7,0,0,0,0,0,0,160,0,0,0,0,0,0,0,253.3,0,0,146.7,0,0,0,0,93.3,0,0,0,0,346.7,0,0,0,0,66.7,0,0,40,0,0,0,26.7,0,0,0,0,0,0,0,0,0
70,Queens County,Queens,Total,75 +,2611.1,56.2,0,0,0,0,0,0,552.2,0,0,0,0,0,0,0,505.4,0,0,299.5,0,56.2,0,0,65.5,0,0,0,0,627,0,0,0,0,102.9,0,0,140.4,0,0,0,205.9,0,0,0,0,0,0,0,0,0
71,Queens County,Queens,Total,Total,493.2,25.6,0,0,0,0,0,0,77.6,0,0,0,0,0,0,0,85.9,0,0,63.1,0,15.4,0,0,19.6,0,0,0,0,118.2,0,0,0,0,27.8,0,0,20.9,0,0,0,39,0,0,0,0,0,0,0,0,0
72,Annapolis County,Annapolis,Female,0 - 19,8,0,0,0,0,0,0,0,0,0,0,0,0,0,0,0,0,0,0,0,0,0,0,0,0,0,0,0,0,0,0,0,0,0,0,0,0,0,0,0,0,8,0,0,0,0,0,0,0,0,0
73,Annapolis County,Annapolis,Female,20 - 34,95.2,0,0,0,0,0,0,0,0,0,0,0,0,0,0,0,0,0,0,0,0,11.9,0,0,23.8,0,0,0,0,0,0,0,0,0,11.9,0,0,0,0,0,0,47.6,0,0,0,0,0,0,0,0,0
74,Annapolis County,Annapolis,Female,35 - 64,266.7,17.4,0,0,0,0,0,0,11.6,0,0,0,0,0,0,0,11.6,0,0,156.5,0,11.6,0,0,17.4,0,0,0,0,11.6,0,0,0,0,17.4,0,0,11.6,0,0,0,0,0,0,0,0,0,0,0,0,0
75,Annapolis County,Annapolis,Female,65 -74,851.7,14.2,0,0,0,0,0,0,71,0,0,0,0,0,0,0,113.6,0,0,326.5,0,14.2,0,0,141.9,0,0,0,0,14.2,0,0,0,0,42.6,0,0,14.2,0,0,0,99.4,0,0,0,0,0,0,0,0,0
76,Annapolis County,Annapolis,Female,75 +,1684.8,34.7,0,0,0,0,0,0,451.6,0,0,0,0,0,0,0,243.2,0,0,347.4,0,26.1,0,0,182.4,0,0,0,0,112.9,0,0,0,0,52.1,0,0,95.5,0,0,0,138.9,0,0,0,0,0,0,0,0,0
77,Annapolis County,Annapolis,Female,Total,355.6,9.4,0,0,0,0,0,0,56,0,0,0,0,0,0,0,41.9,0,0,105.4,0,10.1,0,0,44.1,0,0,0,0,16.5,0,0,0,0,19.7,0,0,14.2,0,0,0,38.2,0,0,0,0,0,0,0,0,0
78,Annapolis County,Annapolis,Male,0 - 19,15.1,0,0,0,0,0,0,0,0,0,0,0,0,0,0,0,0,0,0,0,0,0,0,0,0,0,0,0,0,7.5,0,0,0,0,0,0,0,7.5,0,0,0,0,0,0,0,0,0,0,0,0,0
79,Annapolis County,Annapolis,Male,20 - 34,35.6,0,0,0,0,0,0,0,0,0,0,0,0,0,0,0,0,0,0,0,0,11.9,0,0,0,0,0,0,0,11.9,0,0,0,0,0,0,0,0,0,0,0,11.9,0,0,0,0,0,0,0,0,0
80,Annapolis County,Annapolis,Male,35 - 64,250.9,23.3,0,0,0,0,0,0,29.2,0,0,0,0,0,0,0,29.2,0,0,0,0,29.2,0,0,0,0,0,0,0,75.9,0,0,0,0,35,0,0,5.8,0,0,0,23.3,0,0,0,0,0,0,0,0,0
81,Annapolis County,Annapolis,Male,65 -74,1192.3,28.4,0,0,0,0,0,0,156.1,0,0,0,0,0,0,0,170.3,0,0,14.2,0,14.2,0,0,0,0,0,0,0,553.6,0,0,0,0,71,0,0,56.8,0,0,0,127.8,0,0,0,0,0,0,0,0,0
82,Annapolis County,Annapolis,Male,75 +,2805.7,98.3,0,0,0,0,0,0,567.7,0,0,0,0,0,0,0,578.6,0,0,0,0,76.4,0,0,0,0,0,0,0,1059,0,0,0,0,131,0,0,152.8,0,0,0,141.9,0,0,0,0,0,0,0,0,0
83,Annapolis County,Annapolis,Male,Total,492.7,18.3,0,0,0,0,0,0,84,0,0,0,0,0,0,0,86.1,0,0,1.3,0,19.3,0,0,0,0,0,0,0,192.6,0,0,0,0,29.4,0,0,25.5,0,0,0,36.1,0,0,0,0,0,0,0,0,0
84,Annapolis County,Annapolis,Total,0 - 19,11.7,0,0,0,0,0,0,0,0,0,0,0,0,0,0,0,0,0,0,0,0,0,0,0,0,0,0,0,0,3.9,0,0,0,0,0,0,0,3.9,0,0,0,3.9,0,0,0,0,0,0,0,0,0
85,Annapolis County,Annapolis,Total,20 - 34,65.4,0,0,0,0,0,0,0,0,0,0,0,0,0,0,0,0,0,0,0,0,11.9,0,0,11.9,0,0,0,0,5.9,0,0,0,0,5.9,0,0,0,0,0,0,29.7,0,0,0,0,0,0,0,0,0
86,Annapolis County,Annapolis,Total,35 - 64,258.8,20.4,0,0,0,0,0,0,20.4,0,0,0,0,0,0,0,20.4,0,0,78.5,0,20.4,0,0,8.7,0,0,0,0,43.6,0,0,0,0,26.2,0,0,8.7,0,0,0,11.6,0,0,0,0,0,0,0,0,0
87,Annapolis County,Annapolis,Total,65 -74,1022,21.3,0,0,0,0,0,0,113.6,0,0,0,0,0,0,0,141.9,0,0,170.3,0,14.2,0,0,71,0,0,0,0,283.9,0,0,0,0,56.8,0,0,35.5,0,0,0,113.6,0,0,0,0,0,0,0,0,0
88,Annapolis County,Annapolis,Total,75 +,2181.4,62.9,0,0,0,0,0,0,503,0,0,0,0,0,0,0,391.8,0,0,193.5,0,48.4,0,0,101.6,0,0,0,0,532,0,0,0,0,87.1,0,0,120.9,0,0,0,140.3,0,0,0,0,0,0,0,0,0
89,Annapolis County,Annapolis,Total,Total,415.8,13.2,0,0,0,0,0,0,68.5,0,0,0,0,0,0,0,61.4,0,0,55.4,0,14.4,0,0,23,0,0,0,0,99.4,0,0,0,0,23.8,0,0,19.6,0,0,0,37,0,0,0,0,0,0,0,0,0
90,Lunenburg County,Lunenburg,Female,0 - 19,23.5,0,0,0,0,0,0,0,0,0,0,0,0,0,0,0,0,0,0,0,0,3.9,0,0,0,0,0,0,0,0,0,0,0,0,7.9,0,0,7.9,0,0,0,3.9,0,0,0,0,0,0,0,0,0
91,Lunenburg County,Lunenburg,Female,20 - 34,52.1,0,0,0,0,0,0,0,0,0,0,0,0,0,0,0,0,0,0,15.6,0,0,0,0,15.6,0,0,0,0,0,0,0,0,0,5.2,0,0,5.2,0,0,0,10.4,0,0,0,0,0,0,0,0,0
92,Lunenburg County,Lunenburg,Female,35 - 64,351.5,7.5,0,0,0,0,0,0,44.9,0,0,0,0,0,0,0,22.4,0,0,122.2,0,27.4,0,0,49.9,0,0,0,0,19.9,0,0,0,0,7.5,0,0,17.5,0,0,0,32.4,0,0,0,0,0,0,0,0,0
93,Lunenburg County,Lunenburg,Female,65 -74,976.3,41.3,0,0,0,0,0,0,144.4,0,0,0,0,0,0,0,151.3,0,0,323.1,0,61.9,0,0,116.9,0,0,0,0,41.3,0,0,0,0,20.6,0,0,41.3,0,0,0,34.4,0,0,0,0,0,0,0,0,0
94,Lunenburg County,Lunenburg,Female,75 +,1548.3,8.6,0,0,0,0,0,0,346.4,0,0,0,0,0,0,0,196.7,0,0,355,0,89.8,0,0,166.8,0,0,0,0,124,0,0,0,0,59.9,0,0,64.2,0,0,0,136.9,0,0,0,0,0,0,0,0,0
95,Lunenburg County,Lunenburg,Female,Total,361.8,6.7,0,0,0,0,0,0,58.4,0,0,0,0,0,0,0,41.2,0,0,100.7,0,23.3,0,0,46.4,0,0,0,0,23.3,0,0,0,0,13.9,0,0,18.7,0,0,0,29.2,0,0,0,0,0,0,0,0,0
96,Lunenburg County,Lunenburg,Male,0 - 19,27.9,0,0,0,0,0,0,0,0,0,0,0,0,0,0,0,0,0,0,0,0,3.5,0,0,0,0,0,0,0,3.5,0,0,0,0,7,0,0,3.5,0,0,0,10.5,0,0,0,0,0,0,0,0,0
97,Lunenburg County,Lunenburg,Male,20 - 34,59.2,0,0,0,0,0,0,0,4.9,0,0,0,0,0,0,0,4.9,0,0,4.9,0,9.9,0,0,0,0,0,0,0,14.8,0,0,0,0,4.9,0,0,9.9,0,0,0,4.9,0,0,0,0,0,0,0,0,0
98,Lunenburg County,Lunenburg,Male,35 - 64,281.4,15.1,0,0,0,0,0,0,55.3,0,0,0,0,0,0,0,37.7,0,0,5,0,22.6,0,0,0,0,0,0,0,77.9,0,0,0,0,25.1,0,0,7.5,0,0,0,35.2,0,0,0,0,0,0,0,0,0
99,Lunenburg County,Lunenburg,Male,65 -74,1188,62.9,0,0,0,0,0,0,188.7,0,0,0,0,0,0,0,202.7,0,0,0,0,55.9,0,0,0,0,0,0,0,538.1,0,0,0,0,34.9,0,0,48.9,0,0,0,55.9,0,0,0,0,0,0,0,0,0
100,Lunenburg County,Lunenburg,Male,75 +,2860.2,86,0,0,0,0,0,0,682.8,0,0,0,0,0,0,0,500,0,0,0,0,91.4,0,0,0,0,0,0,0,1118.3,0,0,0,0,145.2,0,0,64.5,0,0,0,172,0,0,0,0,0,0,0,0,0
101,Lunenburg County,Lunenburg,Male,Total,516.1,18.5,0,0,0,0,0,0,105.8,0,0,0,0,0,0,0,83.5,0,0,2.6,0,24.2,0,0,0,0,0,0,0,197.9,0,0,0,0,29.5,0,0,17,0,0,0,37.1,0,0,0,0,0,0,0,0,0
102,Lunenburg County,Lunenburg,Total,0 - 19,25.9,0,0,0,0,0,0,0,0,0,0,0,0,0,0,0,0,0,0,0,0,3.7,0,0,0,0,0,0,0,1.9,0,0,0,0,7.4,0,0,5.5,0,0,0,7.4,0,0,0,0,0,0,0,0,0
103,Lunenburg County,Lunenburg,Total,20 - 34,55.8,0,0,0,0,0,0,0,2.5,0,0,0,0,0,0,0,2.5,0,0,10.1,0,5.1,0,0,7.6,0,0,0,0,7.6,0,0,0,0,5.1,0,0,7.6,0,0,0,7.6,0,0,0,0,0,0,0,0,0
104,Lunenburg County,Lunenburg,Total,35 - 64,316.6,11.3,0,0,0,0,0,0,50.1,0,0,0,0,0,0,0,30,0,0,63.8,0,25,0,0,25,0,0,0,0,48.8,0,0,0,0,16.3,0,0,12.5,0,0,0,33.8,0,0,0,0,0,0,0,0,0
105,Lunenburg County,Lunenburg,Total,65 -74,1081.3,52,0,0,0,0,0,0,166.3,0,0,0,0,0,0,0,176.7,0,0,162.9,0,58.9,0,0,58.9,0,0,0,0,287.6,0,0,0,0,27.7,0,0,45.1,0,0,0,45.1,0,0,0,0,0,0,0,0,0
106,Lunenburg County,Lunenburg,Total,75 +,2129.6,42.9,0,0,0,0,0,0,495.5,0,0,0,0,0,0,0,331.1,0,0,197.7,0,90.5,0,0,92.9,0,0,0,0,564.6,0,0,0,0,97.7,0,0,64.3,0,0,0,152.5,0,0,0,0,0,0,0,0,0
107,Lunenburg County,Lunenburg,Total,Total,430.1,12.1,0,0,0,0,0,0,79.5,0,0,0,0,0,0,0,60.4,0,0,53.8,0,23.5,0,0,23.9,0,0,0,0,105.3,0,0,0,0,20.9,0,0,17.7,0,0,0,32.9,0,0,0,0,0,0,0,0,0
108,Kings County,Kings,Female,0 - 19,7.7,0,0,0,0,0,0,0,0,0,0,0,0,0,0,0,0,0,0,0,0,0,0,0,2.6,0,0,0,0,0,0,0,0,0,5.1,0,0,0,0,0,0,0,0,0,0,0,0,0,0,0,0
109,Kings County,Kings,Female,20 - 34,31.9,0,0,0,0,0,0,0,7.1,0,0,0,0,0,0,0,0,0,0,0,0,7.1,0,0,7.1,0,0,0,0,0,0,0,0,0,3.6,0,0,0,0,0,0,7.1,0,0,0,0,0,0,0,0,0
110,Kings County,Kings,Female,35 - 64,314.7,4.2,0,0,0,0,0,0,42,0,0,0,0,0,0,0,29.4,0,0,113.3,0,39.9,0,0,27.3,0,0,0,0,14.7,0,0,0,0,8.4,0,0,12.6,0,0,0,23.1,0,0,0,0,0,0,0,0,0
111,Kings County,Kings,Female,65 -74,877.7,25.8,0,0,0,0,0,0,129.1,0,0,0,0,0,0,0,129.1,0,0,290.4,0,32.3,0,0,116.2,0,0,0,0,45.2,0,0,0,0,19.4,0,0,51.6,0,0,0,38.7,0,0,0,0,0,0,0,0,0
112,Kings County,Kings,Female,75 +,1596.7,25.7,0,0,0,0,0,0,432.4,0,0,0,0,0,0,0,256.8,0,0,363.9,0,34.2,0,0,149.8,0,0,0,0,81.3,0,0,0,0,47.1,0,0,64.2,0,0,0,141.3,0,0,0,0,0,0,0,0,0
113,Kings County,Kings,Female,Total,346.2,5.8,0,0,0,0,0,0,70.7,0,0,0,0,0,0,0,48.7,0,0,94.5,0,19.1,0,0,36.5,0,0,0,0,16.1,0,0,0,0,11.6,0,0,15.3,0,0,0,28,0,0,0,0,0,0,0,0,0
114,Kings County,Kings,Male,0 - 19,17.5,0,0,0,0,0,0,0,0,0,0,0,0,0,0,0,0,0,0,0,0,0,0,0,0,0,0,0,0,5,0,0,0,0,2.5,0,0,5,0,0,0,5,0,0,0,0,0,0,0,0,0
115,Kings County,Kings,Male,20 - 34,47,0,0,0,0,0,0,0,3.6,0,0,0,0,0,0,0,0,0,0,0,0,7.2,0,0,0,0,0,0,0,18.1,0,0,0,0,7.2,0,0,0,0,0,0,10.9,0,0,0,0,0,0,0,0,0
116,Kings County,Kings,Male,35 - 64,230.8,14.6,0,0,0,0,0,0,47.8,0,0,0,0,0,0,0,37.4,0,0,2.1,0,31.2,0,0,0,0,0,0,0,41.6,0,0,0,0,10.4,0,0,16.6,0,0,0,29.1,0,0,0,0,0,0,0,0,0
117,Kings County,Kings,Male,65 -74,1197.2,67.6,0,0,0,0,0,0,263.8,0,0,0,0,0,0,0,175.9,0,0,0,0,40.6,0,0,0,0,0,0,0,487,0,0,0,0,40.6,0,0,47.3,0,0,0,74.4,0,0,0,0,0,0,0,0,0
118,Kings County,Kings,Male,75 +,2844.5,88.7,0,0,0,0,0,0,632.1,0,0,0,0,0,0,0,565.6,0,0,0,0,110.9,0,0,0,0,0,0,0,1125.6,0,0,0,0,55.4,0,0,110.9,0,0,0,155.3,0,0,0,0,0,0,0,0,0
119,Kings County,Kings,Male,Total,507.1,19.9,0,0,0,0,0,0,109.3,0,0,0,0,0,0,0,88.7,0,0,0.5,0,26.2,0,0,0,0,0,0,0,188.1,0,0,0,0,15.4,0,0,22.8,0,0,0,36.1,0,0,0,0,0,0,0,0,0
120,Kings County,Kings,Total,0 - 19,12.7,0,0,0,0,0,0,0,0,0,0,0,0,0,0,0,0,0,0,0,0,0,0,0,1.3,0,0,0,0,2.5,0,0,0,0,3.8,0,0,2.5,0,0,0,2.5,0,0,0,0,0,0,0,0,0
121,Kings County,Kings,Total,20 - 34,39.4,0,0,0,0,0,0,0,5.4,0,0,0,0,0,0,0,0,0,0,0,0,7.2,0,0,3.6,0,0,0,0,9,0,0,0,0,5.4,0,0,0,0,0,0,9,0,0,0,0,0,0,0,0,0
122,Kings County,Kings,Total,35 - 64,272.5,9.4,0,0,0,0,0,0,44.9,0,0,0,0,0,0,0,33.4,0,0,57.4,0,35.5,0,0,13.6,0,0,0,0,28.2,0,0,0,0,9.4,0,0,14.6,0,0,0,26.1,0,0,0,0,0,0,0,0,0
123,Kings County,Kings,Total,65 -74,1033.7,46.2,0,0,0,0,0,0,194.8,0,0,0,0,0,0,0,151.9,0,0,148.6,0,36.3,0,0,59.4,0,0,0,0,260.9,0,0,0,0,29.7,0,0,49.5,0,0,0,56.1,0,0,0,0,0,0,0,0,0
124,Kings County,Kings,Total,75 +,2140.4,53.1,0,0,0,0,0,0,519.4,0,0,0,0,0,0,0,391.4,0,0,205.3,0,67.6,0,0,84.6,0,0,0,0,536.3,0,0,0,0,50.7,0,0,84.6,0,0,0,147.4,0,0,0,0,0,0,0,0,0
125,Kings County,Kings,Total,Total,416.9,12.7,0,0,0,0,0,0,87.2,0,0,0,0,0,0,0,67.1,0,0,50.2,0,22.4,0,0,19.4,0,0,0,0,94.4,0,0,0,0,13.3,0,0,18.6,0,0,0,31.8,0,0,0,0,0,0,0,0,0
126,Hants County,Hants,Female,0 - 19,18.7,0,0,0,0,0,0,0,0,0,0,0,0,0,0,0,0,0,0,0,0,0,0,0,0,0,0,0,0,0,0,0,0,0,0,0,0,11.2,0,0,0,7.5,0,0,0,0,0,0,0,0,0
127,Hants County,Hants,Female,20 - 34,42.1,0,0,0,0,0,0,0,0,0,0,0,0,0,0,0,0,0,0,5.3,0,5.3,0,0,21.1,0,0,0,0,0,0,0,0,0,0,0,0,5.3,0,0,0,5.3,0,0,0,0,0,0,0,0,0
128,Hants County,Hants,Female,35 - 64,338.2,3,0,0,0,0,0,0,47.5,0,0,0,0,0,0,0,20.8,0,0,151.3,0,29.7,0,0,32.6,0,0,0,0,5.9,0,0,0,0,17.8,0,0,11.9,0,0,0,17.8,0,0,0,0,0,0,0,0,0
129,Hants County,Hants,Female,65 -74,856.6,38.5,0,0,0,0,0,0,134.7,0,0,0,0,0,0,0,115.5,0,0,250.2,0,57.7,0,0,67.4,0,0,0,0,9.6,0,0,0,0,77,0,0,19.2,0,0,0,86.6,0,0,0,0,0,0,0,0,0
130,Hants County,Hants,Female,75 +,1697.7,21.5,0,0,0,0,0,0,530.1,0,0,0,0,0,0,0,272.2,0,0,329.5,0,57.3,0,0,114.6,0,0,0,0,107.4,0,0,0,0,78.8,0,0,100.3,0,0,0,86,0,0,0,0,0,0,0,0,0
131,Hants County,Hants,Female,Total,360.8,6.7,0,0,0,0,0,0,80.1,0,0,0,0,0,0,0,47.2,0,0,96.4,0,19.8,0,0,31.7,0,0,0,0,13.7,0,0,0,0,18.9,0,0,20.3,0,0,0,26,0,0,0,0,0,0,0,0,0
132,Hants County,Hants,Male,0 - 19,24.3,0,0,0,0,0,0,0,0,0,0,0,0,0,0,0,0,0,0,0,0,0,0,0,0,0,0,0,0,0,0,0,0,0,7,0,0,10.4,0,0,0,7,0,0,0,0,0,0,0,0,0
133,Hants County,Hants,Male,20 - 34,36.4,0,0,0,0,0,0,0,5.2,0,0,0,0,0,0,0,0,0,0,0,0,5.2,0,0,0,0,0,0,0,5.2,0,0,0,0,15.6,0,0,0,0,0,0,5.2,0,0,0,0,0,0,0,0,0
134,Hants County,Hants,Male,35 - 64,242.8,11.7,0,0,0,0,0,0,81.9,0,0,0,0,0,0,0,32.2,0,0,0,0,20.5,0,0,0,0,0,0,0,61.4,0,0,0,0,17.6,0,0,2.9,0,0,0,14.6,0,0,0,0,0,0,0,0,0
135,Hants County,Hants,Male,65 -74,1184.8,66.4,0,0,0,0,0,0,331.8,0,0,0,0,0,0,0,246.4,0,0,9.5,0,37.9,0,0,0,0,0,0,0,331.8,0,0,0,0,56.9,0,0,28.4,0,0,0,75.8,0,0,0,0,0,0,0,0,0
136,Hants County,Hants,Male,75 +,3148.3,156.1,0,0,0,0,0,0,737.2,0,0,0,0,0,0,0,702.5,0,0,0,0,60.7,0,0,0,0,0,0,0,1032.1,0,0,0,0,156.1,0,0,130.1,0,0,0,173.5,0,0,0,0,0,0,0,0,0
137,Hants County,Hants,Male,Total,540,26.9,0,0,0,0,0,0,135.6,0,0,0,0,0,0,0,110,0,0,0.9,0,17.3,0,0,0,0,0,0,0,161.4,0,0,0,0,32.5,0,0,22,0,0,0,33.4,0,0,0,0,0,0,0,0,0
138,Hants County,Hants,Total,0 - 19,21.6,0,0,0,0,0,0,0,0,0,0,0,0,0,0,0,0,0,0,0,0,0,0,0,0,0,0,0,0,0,0,0,0,0,3.6,0,0,10.8,0,0,0,7.2,0,0,0,0,0,0,0,0,0
139,Hants County,Hants,Total,20 - 34,39.2,0,0,0,0,0,0,0,2.6,0,0,0,0,0,0,0,0,0,0,2.6,0,5.2,0,0,10.5,0,0,0,0,2.6,0,0,0,0,7.9,0,0,2.6,0,0,0,5.2,0,0,0,0,0,0,0,0,0
140,Hants County,Hants,Total,35 - 64,290.2,7.4,0,0,0,0,0,0,64.8,0,0,0,0,0,0,0,26.5,0,0,75.1,0,25,0,0,16.2,0,0,0,0,33.9,0,0,0,0,17.7,0,0,7.4,0,0,0,16.2,0,0,0,0,0,0,0,0,0
141,Hants County,Hants,Total,65 -74,1022,52.5,0,0,0,0,0,0,234,0,0,0,0,0,0,0,181.5,0,0,128.9,0,47.8,0,0,33.4,0,0,0,0,171.9,0,0,0,0,66.9,0,0,23.9,0,0,0,81.2,0,0,0,0,0,0,0,0,0
142,Hants County,Hants,Total,75 +,2353.9,82.4,0,0,0,0,0,0,623.8,0,0,0,0,0,0,0,466.8,0,0,180.5,0,58.8,0,0,62.8,0,0,0,0,525.7,0,0,0,0,113.8,0,0,113.8,0,0,0,125.5,0,0,0,0,0,0,0,0,0
143,Hants County,Hants,Total,Total,441.1,15.4,0,0,0,0,0,0,105.8,0,0,0,0,0,0,0,76,0,0,50.3,0,18.3,0,0,16.5,0,0,0,0,83.6,0,0,0,0,25.9,0,0,20.3,0,0,0,29,0,0,0,0,0,0,0,0,0
144,Halifax County,Halifax,Female,0 - 19,17.2,0.9,0,0,0,0,0,0,0,0,0,0,0,0,0,0,0.5,0,0,0,0,0.5,0,0,0.5,0,0,0,0,0.9,0,0,0,0,2.7,0,0,5,0,0,0,6.3,0,0,0,0,0,0,0,0,0
145,Halifax County,Halifax,Female,20 - 34,69,0,0,0,0,0,0,0,2.7,0,0,0,0,0,0,0,0.9,0,0,7.8,0,9.6,0,0,18.7,0,0,0,0,0.9,0,0,0,0,9.6,0,0,3.7,0,0,0,15.1,0,0,0,0,0,0,0,0,0
146,Halifax County,Halifax,Female,35 - 64,357.8,2.9,0,0,0,0,0,0,34.9,0,0,0,0,0,0,0,25.4,0,0,144.2,0,32.3,0,0,58.7,0,0,0,0,11.4,0,0,0,0,11.7,0,0,6.9,0,0,0,29.4,0,0,0,0,0,0,0,0,0
147,Halifax County,Halifax,Female,65 -74,976.5,23.9,0,0,0,0,0,0,189.1,0,0,0,0,0,0,0,165.1,0,0,304,0,41.9,0,0,108.9,0,0,0,0,40.7,0,0,0,0,31.1,0,0,16.8,0,0,0,55,0,0,0,0,0,0,0,0,0
148,Halifax County,Halifax,Female,75 +,1818.1,33.4,0,0,0,0,0,0,494.3,0,0,0,0,0,0,0,307,0,0,437,0,58.2,0,0,142,0,0,0,0,96.6,0,0,0,0,55.6,0,0,69.3,0,0,0,124.9,0,0,0,0,0,0,0,0,0
149,Halifax County,Halifax,Female,Total,401.2,6.9,0,0,0,0,0,0,78.4,0,0,0,0,0,0,0,56.7,0,0,114.5,0,21.6,0,0,45.8,0,0,0,0,17.8,0,0,0,0,15.2,0,0,12.9,0,0,0,31.7,0,0,0,0,0,0,0,0,0
150,Halifax County,Halifax,Male,0 - 19,17,0,0,0,0,0,0,0,0,0,0,0,0,0,0,0,0,0,0,0,0,0,0,0,0,0,0,0,0,1.8,0,0,0,0,4.8,0,0,4.8,0,0,0,5.7,0,0,0,0,0,0,0,0,0
151,Halifax County,Halifax,Male,20 - 34,42.1,0.5,0,0,0,0,0,0,5.3,0,0,0,0,0,0,0,1.4,0,0,0,0,4.8,0,0,0,0,0,0,0,16.7,0,0,0,0,3.8,0,0,2.4,0,0,0,7.2,0,0,0,0,0,0,0,0,0
152,Halifax County,Halifax,Male,35 - 64,232.6,16.8,0,0,0,0,0,0,51.1,0,0,0,0,0,0,0,29.2,0,0,0.7,0,15.1,0,0,0,0,0,0,0,68.9,0,0,0,0,20.2,0,0,11.8,0,0,0,18.8,0,0,0,0,0,0,0,0,0
153,Halifax County,Halifax,Male,65 -74,1279.8,57.6,0,0,0,0,0,0,247.9,0,0,0,0,0,0,0,192.8,0,0,6.3,0,60.1,0,0,0,0,0,0,0,554.8,0,0,0,0,56.4,0,0,38.8,0,0,0,65.1,0,0,0,0,0,0,0,0,0
154,Halifax County,Halifax,Male,75 +,3100.2,104.9,0,0,0,0,0,0,757.3,0,0,0,0,0,0,0,558.3,0,0,4.8,0,104.9,0,0,0,0,0,0,0,1190.2,0,0,0,0,91.6,0,0,97.7,0,0,0,190.5,0,0,0,0,0,0,0,0,0
155,Halifax County,Halifax,Male,Total,543.8,21.3,0,0,0,0,0,0,123.5,0,0,0,0,0,0,0,89.1,0,0,1.3,0,22.7,0,0,0,0,0,0,0,207.1,0,0,0,0,22.8,0,0,19.9,0,0,0,36,0,0,0,0,0,0,0,0,0
156,Halifax County,Halifax,Total,0 - 19,17.1,0.4,0,0,0,0,0,0,0,0,0,0,0,0,0,0,0.2,0,0,0,0,0.2,0,0,0.2,0,0,0,0,1.3,0,0,0,0,3.8,0,0,4.9,0,0,0,6,0,0,0,0,0,0,0,0,0
157,Halifax County,Halifax,Total,20 - 34,55.9,0.2,0,0,0,0,0,0,4,0,0,0,0,0,0,0,1.2,0,0,4,0,7.3,0,0,9.6,0,0,0,0,8.7,0,0,0,0,6.8,0,0,3,0,0,0,11.2,0,0,0,0,0,0,0,0,0
158,Halifax County,Halifax,Total,35 - 64,296.2,9.8,0,0,0,0,0,0,42.9,0,0,0,0,0,0,0,27.3,0,0,73.5,0,23.8,0,0,29.8,0,0,0,0,39.7,0,0,0,0,15.9,0,0,9.3,0,0,0,24.2,0,0,0,0,0,0,0,0,0
159,Halifax County,Halifax,Total,65 -74,1124.7,40.4,0,0,0,0,0,0,217.8,0,0,0,0,0,0,0,178.7,0,0,158.5,0,50.8,0,0,55.7,0,0,0,0,291.9,0,0,0,0,43.4,0,0,27.5,0,0,0,60,0,0,0,0,0,0,0,0,0
160,Halifax County,Halifax,Total,75 +,2350.1,63,0,0,0,0,0,0,603.4,0,0,0,0,0,0,0,411.3,0,0,257.7,0,77.6,0,0,83.1,0,0,0,0,550.4,0,0,0,0,70.5,0,0,81.1,0,0,0,152.1,0,0,0,0,0,0,0,0,0
161,Halifax County,Halifax,Total,Total,459,13.4,0,0,0,0,0,0,97.8,0,0,0,0,0,0,0,69.9,0,0,62.5,0,21.5,0,0,24.5,0,0,0,0,101.7,0,0,0,0,18.7,0,0,15.9,0,0,0,33.1,0,0,0,0,0,0,0,0,0
162,Colchester County,Colchester,Female,0 - 19,12.8,0,0,0,0,0,0,0,3.2,0,0,0,0,0,0,0,0,0,0,0,0,0,0,0,0,0,0,0,0,0,0,0,0,0,6.4,0,0,0,0,0,0,3.2,0,0,0,0,0,0,0,0,0
163,Colchester County,Colchester,Female,20 - 34,95.1,0,0,0,0,0,0,0,0,0,0,0,0,0,0,0,0,0,0,17.3,0,13,0,0,25.9,0,0,0,0,0,0,0,0,0,8.6,0,0,8.6,0,0,0,21.6,0,0,0,0,0,0,0,0,0
164,Colchester County,Colchester,Female,35 - 64,335.2,7.5,0,0,0,0,0,0,37.5,0,0,0,0,0,0,0,37.5,0,0,112.6,0,27.5,0,0,55,0,0,0,0,5,0,0,0,0,27.5,0,0,7.5,0,0,0,17.5,0,0,0,0,0,0,0,0,0
165,Colchester County,Colchester,Female,65 -74,832.7,29.7,0,0,0,0,0,0,119,0,0,0,0,0,0,0,96.7,0,0,319.7,0,22.3,0,0,156.1,0,0,0,0,22.3,0,0,0,0,22.3,0,0,14.9,0,0,0,29.7,0,0,0,0,0,0,0,0,0
166,Colchester County,Colchester,Female,75 +,1691.4,19.2,0,0,0,0,0,0,464.8,0,0,0,0,0,0,0,282.7,0,0,354.6,0,43.1,0,0,167.7,0,0,0,0,105.4,0,0,0,0,91,0,0,43.1,0,0,0,119.8,0,0,0,0,0,0,0,0,0
167,Colchester County,Colchester,Female,Total,369.2,6.6,0,0,0,0,0,0,67.3,0,0,0,0,0,0,0,48.3,0,0,100.8,0,17.5,0,0,53.4,0,0,0,0,15.6,0,0,0,0,23.2,0,0,10.4,0,0,0,26,0,0,0,0,0,0,0,0,0
168,Colchester County,Colchester,Male,0 - 19,18,3,0,0,0,0,0,0,0,0,0,0,0,0,0,0,0,0,0,0,0,0,0,0,0,0,0,0,0,0,0,0,0,0,0,0,0,3,0,0,0,12,0,0,0,0,0,0,0,0,0
169,Colchester County,Colchester,Male,20 - 34,57.2,0,0,0,0,0,0,0,0,0,0,0,0,0,0,0,4.4,0,0,0,0,8.8,0,0,0,0,0,0,0,26.4,0,0,0,0,8.8,0,0,0,0,0,0,8.8,0,0,0,0,0,0,0,0,0
170,Colchester County,Colchester,Male,35 - 64,246,17.6,0,0,0,0,0,0,35.1,0,0,0,0,0,0,0,32.6,0,0,0,0,32.6,0,0,0,0,0,0,0,45.2,0,0,0,0,42.7,0,0,5,0,0,0,35.1,0,0,0,0,0,0,0,0,0
171,Colchester County,Colchester,Male,65 -74,1086.5,69.8,0,0,0,0,0,0,217.3,0,0,0,0,0,0,0,201.8,0,0,0,0,46.6,0,0,0,0,0,0,0,411.3,0,0,0,0,23.3,0,0,7.8,0,0,0,108.7,0,0,0,0,0,0,0,0,0
172,Colchester County,Colchester,Male,75 +,2706.6,138.8,0,0,0,0,0,0,530,0,0,0,0,0,0,0,517.4,0,0,6.3,0,50.5,0,0,0,0,0,0,0,1192.4,0,0,0,0,69.4,0,0,75.7,0,0,0,126.2,0,0,0,0,0,0,0,0,0
173,Colchester County,Colchester,Male,Total,486.8,27.4,0,0,0,0,0,0,89.1,0,0,0,0,0,0,0,85.9,0,0,0.8,0,20.5,0,0,0,0,0,0,0,190.5,0,0,0,0,22.8,0,0,11.8,0,0,0,38.1,0,0,0,0,0,0,0,0,0
174,Colchester County,Colchester,Total,0 - 19,15.5,1.6,0,0,0,0,0,0,1.6,0,0,0,0,0,0,0,0,0,0,0,0,0,0,0,0,0,0,0,0,0,0,0,0,0,3.1,0,0,1.6,0,0,0,7.8,0,0,0,0,0,0,0,0,0
175,Colchester County,Colchester,Total,20 - 34,76.3,0,0,0,0,0,0,0,0,0,0,0,0,0,0,0,2.2,0,0,8.7,0,10.9,0,0,13.1,0,0,0,0,13.1,0,0,0,0,8.7,0,0,4.4,0,0,0,15.3,0,0,0,0,0,0,0,0,0
176,Colchester County,Colchester,Total,35 - 64,290.7,12.5,0,0,0,0,0,0,36.3,0,0,0,0,0,0,0,35.1,0,0,56.4,0,30.1,0,0,27.6,0,0,0,0,25.1,0,0,0,0,35.1,0,0,6.3,0,0,0,26.3,0,0,0,0,0,0,0,0,0
177,Colchester County,Colchester,Total,65 -74,956.9,49.4,0,0,0,0,0,0,167.1,0,0,0,0,0,0,0,148.1,0,0,163.3,0,34.2,0,0,79.7,0,0,0,0,212.6,0,0,0,0,22.8,0,0,11.4,0,0,0,68.4,0,0,0,0,0,0,0,0,0
178,Colchester County,Colchester,Total,75 +,2129.6,70.8,0,0,0,0,0,0,492.9,0,0,0,0,0,0,0,384,0,0,204.2,0,46.3,0,0,95.3,0,0,0,0,574.6,0,0,0,0,81.7,0,0,57.2,0,0,0,122.5,0,0,0,0,0,0,0,0,0
179,Colchester County,Colchester,Total,Total,417.7,15.9,0,0,0,0,0,0,77.5,0,0,0,0,0,0,0,65.4,0,0,53.4,0,18.9,0,0,28,0,0,0,0,93.2,0,0,0,0,22.9,0,0,10.5,0,0,0,32,0,0,0,0,0,0,0,0,0
180,Cumberland County,Cumberland,Female,0 - 19,10.7,0,0,0,0,0,0,0,0,0,0,0,0,0,0,0,0,0,0,0,0,0,0,0,0,0,0,0,0,5.4,0,0,0,0,0,0,0,0,0,0,0,5.4,0,0,0,0,0,0,0,0,0
181,Cumberland County,Cumberland,Female,20 - 34,74.3,0,0,0,0,0,0,0,7.4,0,0,0,0,0,0,0,0,0,0,0,0,7.4,0,0,14.9,0,0,0,0,7.4,0,0,0,0,14.9,0,0,0,0,0,0,22.3,0,0,0,0,0,0,0,0,0
182,Cumberland County,Cumberland,Female,35 - 64,375.9,12,0,0,0,0,0,0,36,0,0,0,0,0,0,0,28,0,0,148,0,20,0,0,60,0,0,0,0,4,0,0,0,0,36,0,0,4,0,0,0,28,0,0,0,0,0,0,0,0,0
183,Cumberland County,Cumberland,Female,65 -74,856.7,20.4,0,0,0,0,0,0,142.8,0,0,0,0,0,0,0,153,0,0,295.8,0,30.6,0,0,61.2,0,0,0,0,30.6,0,0,0,0,40.8,0,0,30.6,0,0,0,51,0,0,0,0,0,0,0,0,0
184,Cumberland County,Cumberland,Female,75 +,1778.8,16.7,0,0,0,0,0,0,522.5,0,0,0,0,0,0,0,283.5,0,0,422.5,0,27.8,0,0,127.8,0,0,0,0,105.6,0,0,0,0,83.4,0,0,77.8,0,0,0,111.2,0,0,0,0,0,0,0,0,0
185,Cumberland County,Cumberland,Female,Total,379.1,6.2,0,0,0,0,0,0,75.9,0,0,0,0,0,0,0,50.6,0,0,107.8,0,13.2,0,0,40,0,0,0,0,17.7,0,0,0,0,25.4,0,0,11,0,0,0,31.2,0,0,0,0,0,0,0,0,0
186,Cumberland County,Cumberland,Male,0 - 19,10,0,0,0,0,0,0,0,0,0,0,0,0,0,0,0,0,0,0,0,0,0,0,0,0,0,0,0,0,0,0,0,0,0,0,0,0,5,0,0,0,5,0,0,0,0,0,0,0,0,0
187,Cumberland County,Cumberland,Male,20 - 34,88.8,0,0,0,0,0,0,0,0,0,0,0,0,0,0,0,0,0,0,0,0,13.7,0,0,0,0,0,0,0,20.5,0,0,0,0,27.3,0,0,0,0,0,0,27.3,0,0,0,0,0,0,0,0,0
188,Cumberland County,Cumberland,Male,35 - 64,282.3,23.9,0,0,0,0,0,0,59.6,0,0,0,0,0,0,0,31.8,0,0,0,0,31.8,0,0,0,0,0,0,0,63.6,0,0,0,0,35.8,0,0,11.9,0,0,0,23.9,0,0,0,0,0,0,0,0,0
189,Cumberland County,Cumberland,Male,65 -74,1225.1,40.8,0,0,0,0,0,0,285.9,0,0,0,0,0,0,0,183.8,0,0,0,0,71.5,0,0,0,0,0,0,0,469.6,0,0,0,0,71.5,0,0,20.4,0,0,0,81.7,0,0,0,0,0,0,0,0,0
190,Cumberland County,Cumberland,Male,75 +,2944.9,78.7,0,0,0,0,0,0,700.8,0,0,0,0,0,0,0,692.9,0,0,7.9,0,39.4,0,0,0,0,0,0,0,1047.2,0,0,0,0,86.6,0,0,118.1,0,0,0,173.2,0,0,0,0,0,0,0,0,0
191,Cumberland County,Cumberland,Male,Total,531.1,18,0,0,0,0,0,0,117.4,0,0,0,0,0,0,0,101.8,0,0,0.8,0,23,0,0,0,0,0,0,0,179.2,0,0,0,0,31.1,0,0,19,0,0,0,40.8,0,0,0,0,0,0,0,0,0
192,Cumberland County,Cumberland,Total,0 - 19,10.4,0,0,0,0,0,0,0,0,0,0,0,0,0,0,0,0,0,0,0,0,0,0,0,0,0,0,0,0,2.6,0,0,0,0,0,0,0,2.6,0,0,0,5.2,0,0,0,0,0,0,0,0,0
193,Cumberland County,Cumberland,Total,20 - 34,81.8,0,0,0,0,0,0,0,3.6,0,0,0,0,0,0,0,0,0,0,0,0,10.7,0,0,7.1,0,0,0,0,14.2,0,0,0,0,21.3,0,0,0,0,0,0,24.9,0,0,0,0,0,0,0,0,0
194,Cumberland County,Cumberland,Total,35 - 64,328.9,17.9,0,0,0,0,0,0,47.8,0,0,0,0,0,0,0,29.9,0,0,73.8,0,25.9,0,0,29.9,0,0,0,0,33.9,0,0,0,0,35.9,0,0,8,0,0,0,25.9,0,0,0,0,0,0,0,0,0
195,Cumberland County,Cumberland,Total,65 -74,1040.8,30.6,0,0,0,0,0,0,214.3,0,0,0,0,0,0,0,168.4,0,0,148,0,51,0,0,30.6,0,0,0,0,250,0,0,0,0,56.1,0,0,25.5,0,0,0,66.3,0,0,0,0,0,0,0,0,0
196,Cumberland County,Cumberland,Total,75 +,2261.3,42.4,0,0,0,0,0,0,596.3,0,0,0,0,0,0,0,452.9,0,0,250.9,0,32.6,0,0,74.9,0,0,0,0,495.3,0,0,0,0,84.7,0,0,94.5,0,0,0,136.9,0,0,0,0,0,0,0,0,0
197,Cumberland County,Cumberland,Total,Total,445.4,11.7,0,0,0,0,0,0,95.1,0,0,0,0,0,0,0,72.8,0,0,57.8,0,18.1,0,0,21,0,0,0,0,90.8,0,0,0,0,28.2,0,0,14.4,0,0,0,35.6,0,0,0,0,0,0,0,0,0
198,Pictou County,Pictou,Female,0 - 19,13.7,0,0,0,0,0,0,0,0,0,0,0,0,0,0,0,0,0,0,0,0,0,0,0,0,0,0,0,0,0,0,0,0,0,3.4,0,0,3.4,0,0,0,6.9,0,0,0,0,0,0,0,0,0
199,Pictou County,Pictou,Female,20 - 34,68.9,0,0,0,0,0,0,0,4.6,0,0,0,0,0,0,0,0,0,0,4.6,0,13.8,0,0,23,0,0,0,0,0,0,0,0,0,4.6,0,0,0,0,0,0,18.4,0,0,0,0,0,0,0,0,0
200,Pictou County,Pictou,Female,35 - 64,373.1,7.9,0,0,0,0,0,0,31.8,0,0,0,0,0,0,0,52.9,0,0,132.3,0,31.8,0,0,58.2,0,0,0,0,2.7,0,0,0,0,13.2,0,0,18.5,0,0,0,23.8,0,0,0,0,0,0,0,0,0
201,Pictou County,Pictou,Female,65 -74,963.1,8,0,0,0,0,0,0,176.6,0,0,0,0,0,0,0,152.5,0,0,345.1,0,16.1,0,0,112.4,0,0,0,0,48.2,0,0,0,0,40.1,0,0,40.1,0,0,0,24.1,0,0,0,0,0,0,0,0,0
202,Pictou County,Pictou,Female,75 +,1742.1,31.5,0,0,0,0,0,0,445.6,0,0,0,0,0,0,0,297.1,0,0,391.6,0,31.5,0,0,166.6,0,0,0,0,99,0,0,0,0,49.5,0,0,81,0,0,0,148.5,0,0,0,0,0,0,0,0,0
203,Pictou County,Pictou,Female,Total,380.8,5.5,0,0,0,0,0,0,66.1,0,0,0,0,0,0,0,60.8,0,0,104,0,15.3,0,0,51.7,0,0,0,0,15.9,0,0,0,0,14.8,0,0,17.2,0,0,0,29.5,0,0,0,0,0,0,0,0,0
204,Pictou County,Pictou,Male,0 - 19,6.6,0,0,0,0,0,0,0,0,0,0,0,0,0,0,0,0,0,0,0,0,0,0,0,0,0,0,0,0,0,0,0,0,0,3.3,0,0,0,0,0,0,3.3,0,0,0,0,0,0,0,0,0
205,Pictou County,Pictou,Male,20 - 34,36.3,0,0,0,0,0,0,0,0,0,0,0,0,0,0,0,0,0,0,0,0,4.5,0,0,0,0,0,0,0,9.1,0,0,0,0,9.1,0,0,0,0,0,0,13.6,0,0,0,0,0,0,0,0,0
206,Pictou County,Pictou,Male,35 - 64,253.8,10.7,0,0,0,0,0,0,48.1,0,0,0,0,0,0,0,32.1,0,0,2.7,0,13.4,0,0,0,0,0,0,0,77.5,0,0,0,0,13.4,0,0,21.4,0,0,0,34.7,0,0,0,0,0,0,0,0,0
207,Pictou County,Pictou,Male,65 -74,1157,47.2,0,0,0,0,0,0,251.9,0,0,0,0,0,0,0,267.6,0,0,0,0,31.5,0,0,0,0,0,0,0,417.2,0,0,0,0,47.2,0,0,23.6,0,0,0,70.8,0,0,0,0,0,0,0,0,0
208,Pictou County,Pictou,Male,75 +,3158.2,91.9,0,0,0,0,0,0,722.3,0,0,0,0,0,0,0,597.5,0,0,0,0,65.7,0,0,0,0,0,0,0,1300.1,0,0,0,0,72.2,0,0,137.9,0,0,0,170.7,0,0,0,0,0,0,0,0,0
209,Pictou County,Pictou,Male,Total,529.8,16.8,0,0,0,0,0,0,112.8,0,0,0,0,0,0,0,100.1,0,0,0.5,0,14.5,0,0,0,0,0,0,0,205.6,0,0,0,0,18.9,0,0,22.9,0,0,0,37.7,0,0,0,0,0,0,0,0,0
210,Pictou County,Pictou,Total,0 - 19,10.1,0,0,0,0,0,0,0,0,0,0,0,0,0,0,0,0,0,0,0,0,0,0,0,0,0,0,0,0,0,0,0,0,0,3.4,0,0,1.7,0,0,0,5.1,0,0,0,0,0,0,0,0,0
211,Pictou County,Pictou,Total,20 - 34,52.5,0,0,0,0,0,0,0,2.3,0,0,0,0,0,0,0,0,0,0,2.3,0,9.1,0,0,11.4,0,0,0,0,4.6,0,0,0,0,6.9,0,0,0,0,0,0,16,0,0,0,0,0,0,0,0,0
212,Pictou County,Pictou,Total,35 - 64,313.7,9.3,0,0,0,0,0,0,39.9,0,0,0,0,0,0,0,42.5,0,0,67.8,0,22.6,0,0,29.2,0,0,0,0,39.9,0,0,0,0,13.3,0,0,19.9,0,0,0,29.2,0,0,0,0,0,0,0,0,0
213,Pictou County,Pictou,Total,65 -74,1061,27.8,0,0,0,0,0,0,214.6,0,0,0,0,0,0,0,210.6,0,0,170.9,0,23.8,0,0,55.6,0,0,0,0,234.5,0,0,0,0,43.7,0,0,31.8,0,0,0,47.7,0,0,0,0,0,0,0,0,0
214,Pictou County,Pictou,Total,75 +,2318.1,56.1,0,0,0,0,0,0,558.2,0,0,0,0,0,0,0,419.3,0,0,232.3,0,45.4,0,0,98.8,0,0,0,0,587.5,0,0,0,0,58.8,0,0,104.2,0,0,0,157.6,0,0,0,0,0,0,0,0,0
215,Pictou County,Pictou,Total,Total,442,10.6,0,0,0,0,0,0,86.4,0,0,0,0,0,0,0,77.5,0,0,56.1,0,14.6,0,0,27.3,0,0,0,0,100.6,0,0,0,0,16.5,0,0,19.3,0,0,0,33.1,0,0,0,0,0,0,0,0,0
216,Guysborough County,Guysborough,Female,0 - 19,18.1,18.1,0,0,0,0,0,0,0,0,0,0,0,0,0,0,0,0,0,0,0,0,0,0,0,0,0,0,0,0,0,0,0,0,0,0,0,0,0,0,0,0,0,0,0,0,0,0,0,0,0
217,Guysborough County,Guysborough,Female,20 - 34,116.4,0,0,0,0,0,0,0,0,0,0,0,0,0,0,0,0,0,0,0,0,0,0,0,29.1,0,0,0,0,0,0,0,0,0,29.1,0,0,29.1,0,0,0,29.1,0,0,0,0,0,0,0,0,0
218,Guysborough County,Guysborough,Female,35 - 64,305,0,0,0,0,0,0,0,25.4,0,0,0,0,0,0,0,0,0,0,165.2,0,0,0,0,50.8,0,0,0,0,0,0,0,0,0,12.7,0,0,25.4,0,0,0,25.4,0,0,0,0,0,0,0,0,0
219,Guysborough County,Guysborough,Female,65 -74,858.5,31.8,0,0,0,0,0,0,159,0,0,0,0,0,0,0,190.8,0,0,222.6,0,63.6,0,0,127.2,0,0,0,0,0,0,0,0,0,31.8,0,0,0,0,0,0,31.8,0,0,0,0,0,0,0,0,0
220,Guysborough County,Guysborough,Female,75 +,1810.9,60.4,0,0,0,0,0,0,442.7,0,0,0,0,0,0,0,342.1,0,0,422.5,0,20.1,0,0,140.8,0,0,0,0,80.5,0,0,0,0,20.1,0,0,100.6,0,0,0,181.1,0,0,0,0,0,0,0,0,0
221,Guysborough County,Guysborough,Female,Total,381,14.8,0,0,0,0,0,0,65.9,0,0,0,0,0,0,0,54.6,0,0,103.6,0,6.9,0,0,46.8,0,0,0,0,9.3,0,0,0,0,16,0,0,22.7,0,0,0,40.4,0,0,0,0,0,0,0,0,0
222,Guysborough County,Guysborough,Male,0 - 19,,,,,,,,,,,,,,,,,,,,,,,,,,,,,,,,,,,,,,,,,,,,,,,,,,,
223,Guysborough County,Guysborough,Male,20 - 34,49.4,0,0,0,0,0,0,0,24.7,0,0,0,0,0,0,0,0,0,0,0,0,0,0,0,0,0,0,0,0,0,0,0,0,0,24.7,0,0,0,0,0,0,0,0,0,0,0,0,0,0,0,0
224,Guysborough County,Guysborough,Male,35 - 64,227.4,25.3,0,0,0,0,0,0,50.5,0,0,0,0,0,0,0,37.9,0,0,0,0,0,0,0,0,0,0,0,0,50.5,0,0,0,0,0,0,0,25.3,0,0,0,37.9,0,0,0,0,0,0,0,0,0
225,Guysborough County,Guysborough,Male,65 -74,1269.8,158.7,0,0,0,0,0,0,317.5,0,0,0,0,0,0,0,285.7,0,0,31.7,0,0,0,0,0,0,0,0,0,381,0,0,0,0,31.7,0,0,0,0,0,0,63.5,0,0,0,0,0,0,0,0,0
226,Guysborough County,Guysborough,Male,75 +,2781.6,160.9,0,0,0,0,0,0,620.7,0,0,0,0,0,0,0,528.7,0,0,0,0,69,0,0,0,0,0,0,0,965.5,0,0,0,0,69,0,0,114.9,0,0,0,252.9,0,0,0,0,0,0,0,0,0
227,Guysborough County,Guysborough,Male,Total,486.2,37.6,0,0,0,0,0,0,114.2,0,0,0,0,0,0,0,92.9,0,0,2.6,0,8.1,0,0,0,0,0,0,0,154.1,0,0,0,0,15.7,0,0,17.9,0,0,0,43.1,0,0,0,0,0,0,0,0,0
228,Guysborough County,Guysborough,Total,0 - 19,8.7,8.7,0,0,0,0,0,0,0,0,0,0,0,0,0,0,0,0,0,0,0,0,0,0,0,0,0,0,0,0,0,0,0,0,0,0,0,0,0,0,0,0,0,0,0,0,0,0,0,0,0
229,Guysborough County,Guysborough,Total,20 - 34,80.2,0,0,0,0,0,0,0,13.4,0,0,0,0,0,0,0,0,0,0,0,0,0,0,0,13.4,0,0,0,0,0,0,0,0,0,26.7,0,0,13.4,0,0,0,13.4,0,0,0,0,0,0,0,0,0
230,Guysborough County,Guysborough,Total,35 - 64,266.1,12.7,0,0,0,0,0,0,38,0,0,0,0,0,0,0,19,0,0,82.4,0,0,0,0,25.3,0,0,0,0,25.3,0,0,0,0,6.3,0,0,25.3,0,0,0,31.7,0,0,0,0,0,0,0,0,0
231,Guysborough County,Guysborough,Total,65 -74,1064.3,95.3,0,0,0,0,0,0,238.3,0,0,0,0,0,0,0,238.3,0,0,127.1,0,31.8,0,0,63.5,0,0,0,0,190.6,0,0,0,0,31.8,0,0,0,0,0,0,47.7,0,0,0,0,0,0,0,0,0
232,Guysborough County,Guysborough,Total,75 +,2263.9,107.3,0,0,0,0,0,0,525.8,0,0,0,0,0,0,0,429.2,0,0,225.3,0,42.9,0,0,75.1,0,0,0,0,493.6,0,0,0,0,42.9,0,0,107.3,0,0,0,214.6,0,0,0,0,0,0,0,0,0
233,Guysborough County,Guysborough,Total,Total,428.4,25.6,0,0,0,0,0,0,90.5,0,0,0,0,0,0,0,73.4,0,0,54.6,0,7.8,0,0,23.2,0,0,0,0,77.6,0,0,0,0,15.7,0,0,20.1,0,0,0,39.8,0,0,0,0,0,0,0,0,0
234,Antigonish County,Antigonish,Female,0 - 19,,,,,,,,,,,,,,,,,,,,,,,,,,,,,,,,,,,,,,,,,,,,,,,,,,,
235,Antigonish County,Antigonish,Female,20 - 34,51.9,0,0,0,0,0,0,0,0,0,0,0,0,0,0,0,0,0,0,10.4,0,0,0,0,0,0,0,0,0,0,0,0,0,0,20.7,0,0,10.4,0,0,0,10.4,0,0,0,0,0,0,0,0,0
236,Antigonish County,Antigonish,Female,35 - 64,254.4,6.7,0,0,0,0,0,0,26.8,0,0,0,0,0,0,0,20.1,0,0,127.2,0,20.1,0,0,13.4,0,0,0,0,0,0,0,0,0,6.7,0,0,6.7,0,0,0,26.8,0,0,0,0,0,0,0,0,0
237,Antigonish County,Antigonish,Female,65 -74,1002.2,21.8,0,0,0,0,0,0,87.1,0,0,0,0,0,0,0,130.7,0,0,392.2,0,21.8,0,0,174.3,0,0,0,0,87.1,0,0,0,0,21.8,0,0,43.6,0,0,0,21.8,0,0,0,0,0,0,0,0,0
238,Antigonish County,Antigonish,Female,75 +,1583.8,13.1,0,0,0,0,0,0,523.6,0,0,0,0,0,0,0,261.8,0,0,327.2,0,39.3,0,0,104.7,0,0,0,0,91.6,0,0,0,0,65.4,0,0,26.2,0,0,0,130.9,0,0,0,0,0,0,0,0,0
239,Antigonish County,Antigonish,Female,Total,335.2,5.5,0,0,0,0,0,0,67.9,0,0,0,0,0,0,0,47.9,0,0,103.8,0,11.1,0,0,30.2,0,0,0,0,17.3,0,0,0,0,15.6,0,0,10.1,0,0,0,25.7,0,0,0,0,0,0,0,0,0
240,Antigonish County,Antigonish,Male,0 - 19,13.9,0,0,0,0,0,0,0,0,0,0,0,0,0,0,0,0,0,0,0,0,0,0,0,0,0,0,0,0,0,0,0,0,0,0,0,0,6.9,0,0,0,6.9,0,0,0,0,0,0,0,0,0
241,Antigonish County,Antigonish,Male,20 - 34,71.8,10.3,0,0,0,0,0,0,0,0,0,0,0,0,0,0,10.3,0,0,0,0,10.3,0,0,0,0,0,0,0,30.8,0,0,0,0,0,0,0,10.3,0,0,0,0,0,0,0,0,0,0,0,0,0
242,Antigonish County,Antigonish,Male,35 - 64,238.2,6.6,0,0,0,0,0,0,46.3,0,0,0,0,0,0,0,13.2,0,0,0,0,26.5,0,0,0,0,0,0,0,72.8,0,0,0,0,46.3,0,0,19.8,0,0,0,6.6,0,0,0,0,0,0,0,0,0
243,Antigonish County,Antigonish,Male,65 -74,1212.1,40.4,0,0,0,0,0,0,323.2,0,0,0,0,0,0,0,121.2,0,0,0,0,60.6,0,0,0,0,0,0,0,484.8,0,0,0,0,121.2,0,0,40.4,0,0,0,20.2,0,0,0,0,0,0,0,0,0
244,Antigonish County,Antigonish,Male,75 +,3717.3,154.9,0,0,0,0,0,0,871.2,0,0,0,0,0,0,0,716.4,0,0,0,0,77.4,0,0,0,0,0,0,0,1452.1,0,0,0,0,77.4,0,0,96.8,0,0,0,271.1,0,0,0,0,0,0,0,0,0
245,Antigonish County,Antigonish,Male,Total,596.9,25.1,0,0,0,0,0,0,134.5,0,0,0,0,0,0,0,95.4,0,0,0,0,22.5,0,0,0,0,0,0,0,232.6,0,0,0,0,28.9,0,0,22.3,0,0,0,35.4,0,0,0,0,0,0,0,0,0
246,Antigonish County,Antigonish,Total,0 - 19,7,0,0,0,0,0,0,0,0,0,0,0,0,0,0,0,0,0,0,0,0,0,0,0,0,0,0,0,0,0,0,0,0,0,0,0,0,3.5,0,0,0,3.5,0,0,0,0,0,0,0,0,0
247,Antigonish County,Antigonish,Total,20 - 34,61.9,5.2,0,0,0,0,0,0,0,0,0,0,0,0,0,0,5.2,0,0,5.2,0,5.2,0,0,0,0,0,0,0,15.5,0,0,0,0,10.3,0,0,10.3,0,0,0,5.2,0,0,0,0,0,0,0,0,0
248,Antigonish County,Antigonish,Total,35 - 64,246.3,6.7,0,0,0,0,0,0,36.6,0,0,0,0,0,0,0,16.6,0,0,63.2,0,23.3,0,0,6.7,0,0,0,0,36.6,0,0,0,0,26.6,0,0,13.3,0,0,0,16.6,0,0,0,0,0,0,0,0,0
249,Antigonish County,Antigonish,Total,65 -74,1111.1,31.4,0,0,0,0,0,0,209.6,0,0,0,0,0,0,0,125.8,0,0,188.7,0,41.9,0,0,83.9,0,0,0,0,293.5,0,0,0,0,73.4,0,0,41.9,0,0,0,21,0,0,0,0,0,0,0,0,0
250,Antigonish County,Antigonish,Total,75 +,2444.4,70.3,0,0,0,0,0,0,663.8,0,0,0,0,0,0,0,445.1,0,0,195.2,0,54.7,0,0,62.5,0,0,0,0,640.4,0,0,0,0,70.3,0,0,54.7,0,0,0,187.4,0,0,0,0,0,0,0,0,0
251,Antigonish County,Antigonish,Total,Total,445.5,14,0,0,0,0,0,0,97.5,0,0,0,0,0,0,0,67,0,0,54.2,0,16.1,0,0,16,0,0,0,0,115.2,0,0,0,0,21.6,0,0,15.5,0,0,0,28.4,0,0,0,0,0,0,0,0,0
252,Inverness County,Inverness,Female,0 - 19,30.9,0,0,0,0,0,0,0,0,0,0,0,0,0,0,0,0,0,0,0,0,0,0,0,0,0,0,0,0,0,0,0,0,0,0,0,0,15.5,0,0,0,15.5,0,0,0,0,0,0,0,0,0
253,Inverness County,Inverness,Female,20 - 34,78.3,0,0,0,0,0,0,0,11.2,0,0,0,0,0,0,0,0,0,0,11.2,0,0,0,0,11.2,0,0,0,0,0,0,0,0,0,22.4,0,0,11.2,0,0,0,11.2,0,0,0,0,0,0,0,0,0
254,Inverness County,Inverness,Female,35 - 64,310.9,6.5,0,0,0,0,0,0,38.9,0,0,0,0,0,0,0,32.4,0,0,103.6,0,38.9,0,0,58.3,0,0,0,0,13,0,0,0,0,6.5,0,0,0,0,0,0,13,0,0,0,0,0,0,0,0,0
255,Inverness County,Inverness,Female,65 -74,980.2,51.6,0,0,0,0,0,0,120.4,0,0,0,0,0,0,0,206.4,0,0,292.3,0,17.2,0,0,86,0,0,0,0,68.8,0,0,0,0,34.4,0,0,51.6,0,0,0,51.6,0,0,0,0,0,0,0,0,0
256,Inverness County,Inverness,Female,75 +,2095.8,35.9,0,0,0,0,0,0,526.9,0,0,0,0,0,0,0,359.3,0,0,407.2,0,35.9,0,0,239.5,0,0,0,0,215.6,0,0,0,0,71.9,0,0,71.9,0,0,0,131.7,0,0,0,0,0,0,0,0,0
257,Inverness County,Inverness,Female,Total,424.8,11.3,0,0,0,0,0,0,79.4,0,0,0,0,0,0,0,61.4,0,0,102.1,0,17,0,0,53.5,0,0,0,0,34.4,0,0,0,0,17.7,0,0,20.3,0,0,0,27.8,0,0,0,0,0,0,0,0,0
258,Inverness County,Inverness,Male,0 - 19,21.6,0,0,0,0,0,0,0,0,0,0,0,0,0,0,0,0,0,0,0,0,0,0,0,0,0,0,0,0,0,0,0,0,0,7.2,0,0,0,0,0,0,14.4,0,0,0,0,0,0,0,0,0
259,Inverness County,Inverness,Male,20 - 34,89.6,0,0,0,0,0,0,0,22.4,0,0,0,0,0,0,0,0,0,0,0,0,11.2,0,0,0,0,0,0,0,22.4,0,0,0,0,22.4,0,0,0,0,0,0,11.2,0,0,0,0,0,0,0,0,0
260,Inverness County,Inverness,Male,35 - 64,191.8,6.4,0,0,0,0,0,0,38.4,0,0,0,0,0,0,0,19.2,0,0,0,0,12.8,0,0,0,0,0,0,0,70.3,0,0,0,0,6.4,0,0,32,0,0,0,6.4,0,0,0,0,0,0,0,0,0
261,Inverness County,Inverness,Male,65 -74,1322.2,100.4,0,0,0,0,0,0,334.7,0,0,0,0,0,0,0,351.5,0,0,0,0,33.5,0,0,0,0,0,0,0,435.1,0,0,0,0,16.7,0,0,33.5,0,0,0,16.7,0,0,0,0,0,0,0,0,0
262,Inverness County,Inverness,Male,75 +,3367.1,124.7,0,0,0,0,0,0,654.7,0,0,0,0,0,0,0,810.6,0,0,0,0,77.9,0,0,0,0,0,0,0,1418.6,0,0,0,0,31.2,0,0,93.5,0,0,0,155.9,0,0,0,0,0,0,0,0,0
263,Inverness County,Inverness,Male,Total,576.2,24.8,0,0,0,0,0,0,121.1,0,0,0,0,0,0,0,128.4,0,0,0,0,17,0,0,0,0,0,0,0,222.9,0,0,0,0,13.1,0,0,21.8,0,0,0,27.1,0,0,0,0,0,0,0,0,0
264,Inverness County,Inverness,Total,0 - 19,26.1,0,0,0,0,0,0,0,0,0,0,0,0,0,0,0,0,0,0,0,0,0,0,0,0,0,0,0,0,0,0,0,0,0,3.7,0,0,7.5,0,0,0,14.9,0,0,0,0,0,0,0,0,0
265,Inverness County,Inverness,Total,20 - 34,84,0,0,0,0,0,0,0,16.8,0,0,0,0,0,0,0,0,0,0,5.6,0,5.6,0,0,5.6,0,0,0,0,11.2,0,0,0,0,22.4,0,0,5.6,0,0,0,11.2,0,0,0,0,0,0,0,0,0
266,Inverness County,Inverness,Total,35 - 64,250.9,6.4,0,0,0,0,0,0,38.6,0,0,0,0,0,0,0,25.7,0,0,51.5,0,25.7,0,0,29,0,0,0,0,41.8,0,0,0,0,6.4,0,0,16.1,0,0,0,9.7,0,0,0,0,0,0,0,0,0
267,Inverness County,Inverness,Total,65 -74,1153.5,76.3,0,0,0,0,0,0,229,0,0,0,0,0,0,0,279.9,0,0,144.2,0,25.4,0,0,42.4,0,0,0,0,254.5,0,0,0,0,25.4,0,0,42.4,0,0,0,33.9,0,0,0,0,0,0,0,0,0
268,Inverness County,Inverness,Total,75 +,2648.2,74.5,0,0,0,0,0,0,582.5,0,0,0,0,0,0,0,555.4,0,0,230.3,0,54.2,0,0,135.5,0,0,0,0,738.2,0,0,0,0,54.2,0,0,81.3,0,0,0,142.2,0,0,0,0,0,0,0,0,0
269,Inverness County,Inverness,Total,Total,491.7,17.4,0,0,0,0,0,0,99.7,0,0,0,0,0,0,0,92.7,0,0,52.9,0,16.6,0,0,28,0,0,0,0,121.6,0,0,0,0,15.9,0,0,20.5,0,0,0,26.6,0,0,0,0,0,0,0,0,0
270,Richmond County,Richmond,Female,0 - 19,,,,,,,,,,,,,,,,,,,,,,,,,,,,,,,,,,,,,,,,,,,,,,,,,,,
271,Richmond County,Richmond,Female,20 - 34,23.4,0,0,0,0,0,0,0,0,0,0,0,0,0,0,0,0,0,0,0,0,0,0,0,0,0,0,0,0,0,0,0,0,0,0,0,0,0,0,0,0,23.4,0,0,0,0,0,0,0,0,0
272,Richmond County,Richmond,Female,35 - 64,460.8,12.5,0,0,0,0,0,0,49.8,0,0,0,0,0,0,0,49.8,0,0,211.7,0,12.5,0,0,24.9,0,0,0,0,37.4,0,0,0,0,37.4,0,0,12.5,0,0,0,12.5,0,0,0,0,0,0,0,0,0
273,Richmond County,Richmond,Female,65 -74,696.2,0,0,0,0,0,0,0,126.6,0,0,0,0,0,0,0,63.3,0,0,221.5,0,0,0,0,189.9,0,0,0,0,0,0,0,0,0,0,0,0,31.6,0,0,0,63.3,0,0,0,0,0,0,0,0,0
274,Richmond County,Richmond,Female,75 +,1621.6,20.8,0,0,0,0,0,0,436.6,0,0,0,0,0,0,0,228.7,0,0,353.4,0,41.6,0,0,187.1,0,0,0,0,62.4,0,0,0,0,104,0,0,0,0,0,0,187.1,0,0,0,0,0,0,0,0,0
275,Richmond County,Richmond,Female,Total,351.4,5,0,0,0,0,0,0,65.6,0,0,0,0,0,0,0,43,0,0,104.6,0,7.3,0,0,46,0,0,0,0,18.8,0,0,0,0,23.1,0,0,5.2,0,0,0,32.9,0,0,0,0,0,0,0,0,0
276,Cape Breton County,Cape Breton,Female,Total,397.6,8.9,0,0,0,0,0,0,81.3,0,0,0,0,0,0,0,59.3,0,0,108.3,0,8,0,0,55.2,0,0,0,0,17.3,0,0,0,0,13.9,0,0,13.7,0,0,0,31.8,0,0,0,0,0,0,0,0,0
277,Cape Breton County,Cape Breton,Male,0 - 19,22.3,0,0,0,0,0,0,0,0,0,0,0,0,0,0,0,2.8,0,0,0,0,0,0,0,0,0,0,0,0,0,0,0,0,0,1.4,0,0,9.8,0,0,0,8.4,0,0,0,0,0,0,0,0,0
278,Cape Breton County,Cape Breton,Male,20 - 34,40.7,2.1,0,0,0,0,0,0,0,0,0,0,0,0,0,0,0,0,0,0,0,0,0,0,0,0,0,0,0,10.7,0,0,0,0,10.7,0,0,6.4,0,0,0,10.7,0,0,0,0,0,0,0,0,0
279,Richmond County,Richmond,Male,0 - 19,,,,,,,,,,,,,,,,,,,,,,,,,,,,,,,,,,,,,,,,,,,,,,,,,,,
280,Richmond County,Richmond,Male,20 - 34,45,0,0,0,0,0,0,0,0,0,0,0,0,0,0,0,0,0,0,0,0,22.5,0,0,0,0,0,0,0,22.5,0,0,0,0,0,0,0,0,0,0,0,0,0,0,0,0,0,0,0,0,0
281,Richmond County,Richmond,Male,35 - 64,166.1,12.8,0,0,0,0,0,0,51.1,0,0,0,0,0,0,0,25.6,0,0,0,0,12.8,0,0,0,0,0,0,0,38.3,0,0,0,0,12.8,0,0,0,0,0,0,12.8,0,0,0,0,0,0,0,0,0
282,Richmond County,Richmond,Male,65 -74,1282.9,131.6,0,0,0,0,0,0,197.4,0,0,0,0,0,0,0,197.4,0,0,0,0,0,0,0,0,0,0,0,0,657.9,0,0,0,0,32.9,0,0,0,0,0,0,65.8,0,0,0,0,0,0,0,0,0
283,Richmond County,Richmond,Male,75 +,3485.2,159.5,0,0,0,0,0,0,979.5,0,0,0,0,0,0,0,569.5,0,0,0,0,68.3,0,0,0,0,0,0,0,1252.8,0,0,0,0,91.1,0,0,159.5,0,0,0,205,0,0,0,0,0,0,0,0,0
284,Richmond County,Richmond,Male,Total,551.5,35,0,0,0,0,0,0,135.2,0,0,0,0,0,0,0,85.2,0,0,0,0,18.3,0,0,0,0,0,0,0,214.3,0,0,0,0,15.4,0,0,17,0,0,0,31.3,0,0,0,0,0,0,0,0,0
285,Richmond County,Richmond,Total,0 - 19,,,,,,,,,,,,,,,,,,,,,,,,,,,,,,,,,,,,,,,,,,,,,,,,,,,
286,Richmond County,Richmond,Total,20 - 34,34.4,0,0,0,0,0,0,0,0,0,0,0,0,0,0,0,0,0,0,0,0,11.5,0,0,0,0,0,0,0,11.5,0,0,0,0,0,0,0,0,0,0,0,11.5,0,0,0,0,0,0,0,0,0
287,Richmond County,Richmond,Total,35 - 64,315.4,12.6,0,0,0,0,0,0,50.5,0,0,0,0,0,0,0,37.8,0,0,107.2,0,12.6,0,0,12.6,0,0,0,0,37.8,0,0,0,0,25.2,0,0,6.3,0,0,0,12.6,0,0,0,0,0,0,0,0,0
288,Richmond County,Richmond,Total,65 -74,983.9,64.5,0,0,0,0,0,0,161.3,0,0,0,0,0,0,0,129,0,0,112.9,0,0,0,0,96.8,0,0,0,0,322.6,0,0,0,0,16.1,0,0,16.1,0,0,0,64.5,0,0,0,0,0,0,0,0,0
289,Richmond County,Richmond,Total,75 +,2510.9,87,0,0,0,0,0,0,695.7,0,0,0,0,0,0,0,391.3,0,0,184.8,0,54.3,0,0,97.8,0,0,0,0,630.4,0,0,0,0,97.8,0,0,76.1,0,0,0,195.7,0,0,0,0,0,0,0,0,0
290,Richmond County,Richmond,Total,Total,443.6,19.3,0,0,0,0,0,0,99.3,0,0,0,0,0,0,0,62.7,0,0,53.9,0,12.2,0,0,23.4,0,0,0,0,112.2,0,0,0,0,19.5,0,0,9.9,0,0,0,31.1,0,0,0,0,0,0,0,0,0
291,Cape Breton County,Cape Breton,Female,0 - 19,23.2,2.9,0,0,0,0,0,0,2.9,0,0,0,0,0,0,0,0,0,0,0,0,0,0,0,1.5,0,0,0,0,0,0,0,0,0,4.3,0,0,5.8,0,0,0,5.8,0,0,0,0,0,0,0,0,0
292,Cape Breton County,Cape Breton,Female,20 - 34,55.5,0,0,0,0,0,0,0,4.1,0,0,0,0,0,0,0,2.1,0,0,8.2,0,2.1,0,0,14.4,0,0,0,0,2.1,0,0,0,0,6.2,0,0,2.1,0,0,0,14.4,0,0,0,0,0,0,0,0,0
293,Cape Breton County,Cape Breton,Female,35 - 64,367.5,5.6,0,0,0,0,0,0,51.2,0,0,0,0,0,0,0,31.2,0,0,134.8,0,15.6,0,0,66.8,0,0,0,0,10,0,0,0,0,16.7,0,0,8.9,0,0,0,26.7,0,0,0,0,0,0,0,0,0
294,Cape Breton County,Cape Breton,Female,65 -74,922.2,31.6,0,0,0,0,0,0,145.3,0,0,0,0,0,0,0,151.6,0,0,309.5,0,12.6,0,0,139,0,0,0,0,25.3,0,0,0,0,31.6,0,0,9.5,0,0,0,66.3,0,0,0,0,0,0,0,0,0
295,Cape Breton County,Cape Breton,Female,75 +,1896.1,36.2,0,0,0,0,0,0,519.7,0,0,0,0,0,0,0,325.5,0,0,430.2,0,20.9,0,0,192.3,0,0,0,0,118,0,0,0,0,41.9,0,0,83.8,0,0,0,127.5,0,0,0,0,0,0,0,0,0
296,Cape Breton County,Cape Breton,Male,35 - 64,255.5,24.7,0,0,0,0,0,0,67.1,0,0,0,0,0,0,0,31.8,0,0,0,0,14.1,0,0,0,0,0,0,0,55.3,0,0,0,0,22.4,0,0,20,0,0,0,20,0,0,0,0,0,0,0,0,0
297,Cape Breton County,Cape Breton,Male,65 -74,1258.5,96.3,0,0,0,0,0,0,361.9,0,0,0,0,0,0,0,278.9,0,0,6.6,0,29.9,0,0,0,0,0,0,0,322.1,0,0,0,0,39.8,0,0,39.8,0,0,0,83,0,0,0,0,0,0,0,0,0
298,Cape Breton County,Cape Breton,Male,75 +,3042.7,132.4,0,0,0,0,0,0,839.6,0,0,0,0,0,0,0,690.2,0,0,8.5,0,50.7,0,0,0,0,0,0,0,912.8,0,0,0,0,98.6,0,0,124,0,0,0,185.9,0,0,0,0,0,0,0,0,0
299,Cape Breton County,Cape Breton,Male,Total,532.6,30,0,0,0,0,0,0,142.5,0,0,0,0,0,0,0,110.2,0,0,1.5,0,11.7,0,0,0,0,0,0,0,147.4,0,0,0,0,23.9,0,0,26.5,0,0,0,39,0,0,0,0,0,0,0,0,0
300,Cape Breton County,Cape Breton,Total,0 - 19,22.7,1.4,0,0,0,0,0,0,1.4,0,0,0,0,0,0,0,1.4,0,0,0,0,0,0,0,0.7,0,0,0,0,0,0,0,0,0,2.8,0,0,7.8,0,0,0,7.1,0,0,0,0,0,0,0,0,0
301,Cape Breton County,Cape Breton,Total,20 - 34,48.2,1.1,0,0,0,0,0,0,2.1,0,0,0,0,0,0,0,1.1,0,0,4.2,0,1.1,0,0,7.3,0,0,0,0,6.3,0,0,0,0,8.4,0,0,4.2,0,0,0,12.6,0,0,0,0,0,0,0,0,0
302,Cape Breton County,Cape Breton,Total,35 - 64,313,14.9,0,0,0,0,0,0,58.9,0,0,0,0,0,0,0,31.5,0,0,69.2,0,14.9,0,0,34.3,0,0,0,0,32,0,0,0,0,19.5,0,0,14.3,0,0,0,23.5,0,0,0,0,0,0,0,0,0
303,Cape Breton County,Cape Breton,Total,65 -74,1086.1,63.1,0,0,0,0,0,0,250.9,0,0,0,0,0,0,0,213.7,0,0,161.9,0,21,0,0,71.2,0,0,0,0,170,0,0,0,0,35.6,0,0,24.3,0,0,0,74.5,0,0,0,0,0,0,0,0,0
304,Cape Breton County,Cape Breton,Total,75 +,2358.4,75,0,0,0,0,0,0,648.7,0,0,0,0,0,0,0,472.6,0,0,260.2,0,32.9,0,0,114.7,0,0,0,0,438.5,0,0,0,0,64.8,0,0,100,0,0,0,151.1,0,0,0,0,0,0,0,0,0
305,Cape Breton County,Cape Breton,Total,Total,451.6,18.4,0,0,0,0,0,0,107.4,0,0,0,0,0,0,0,80.9,0,0,60,0,9.5,0,0,30,0,0,0,0,73,0,0,0,0,18.3,0,0,19.4,0,0,0,34.6,0,0,0,0,0,0,0,0,0
306,Victoria County,Victoria,Female,0 - 19,19.4,0,0,0,0,0,0,0,0,0,0,0,0,0,0,0,0,0,0,0,0,0,0,0,0,0,0,0,0,0,0,0,0,0,0,0,0,0,0,0,0,19.4,0,0,0,0,0,0,0,0,0
307,Victoria County,Victoria,Female,20 - 34,61.1,0,0,0,0,0,0,0,0,0,0,0,0,0,0,0,0,0,0,0,0,0,0,0,61.1,0,0,0,0,0,0,0,0,0,0,0,0,0,0,0,0,0,0,0,0,0,0,0,0,0,0
308,Victoria County,Victoria,Female,35 - 64,366,0,0,0,0,0,0,0,31.8,0,0,0,0,0,0,0,47.7,0,0,127.3,0,31.8,0,0,79.6,0,0,0,0,15.9,0,0,0,0,15.9,0,0,15.9,0,0,0,0,0,0,0,0,0,0,0,0,0
309,Victoria County,Victoria,Female,65 -74,905,0,0,0,0,0,0,0,90.5,0,0,0,0,0,0,0,271.5,0,0,316.7,0,0,0,0,135.7,0,0,0,0,0,0,0,0,0,45.2,0,0,0,0,0,0,45.2,0,0,0,0,0,0,0,0,0
310,Victoria County,Victoria,Female,75 +,2011.5,0,0,0,0,0,0,0,689.7,0,0,0,0,0,0,0,373.6,0,0,431,0,0,0,0,143.7,0,0,0,0,201.1,0,0,0,0,86.2,0,0,0,0,0,0,86.2,0,0,0,0,0,0,0,0,0
311,Victoria County,Victoria,Female,Total,423.5,0,0,0,0,0,0,0,88.6,0,0,0,0,0,0,0,85.3,0,0,106.3,0,8.6,0,0,64.9,0,0,0,0,26.7,0,0,0,0,20.3,0,0,3.7,0,0,0,19.3,0,0,0,0,0,0,0,0,0
312,Victoria County,Victoria,Male,0 - 19,38.2,0,0,0,0,0,0,0,0,0,0,0,0,0,0,0,0,0,0,0,0,0,0,0,0,0,0,0,0,0,0,0,0,0,38.2,0,0,0,0,0,0,0,0,0,0,0,0,0,0,0,0
313,Victoria County,Victoria,Male,20 - 34,28.4,0,0,0,0,0,0,0,0,0,0,0,0,0,0,0,0,0,0,0,0,0,0,0,0,0,0,0,0,0,0,0,0,0,0,0,0,28.4,0,0,0,0,0,0,0,0,0,0,0,0,0
314,Victoria County,Victoria,Male,35 - 64,105.9,15.1,0,0,0,0,0,0,30.3,0,0,0,0,0,0,0,0,0,0,0,0,30.3,0,0,0,0,0,0,0,0,0,0,0,0,30.3,0,0,0,0,0,0,0,0,0,0,0,0,0,0,0,0
315,Victoria County,Victoria,Male,65 -74,1153.8,85.5,0,0,0,0,0,0,170.9,0,0,0,0,0,0,0,299.1,0,0,0,0,85.5,0,0,0,0,0,0,0,341.9,0,0,0,0,85.5,0,0,0,0,0,0,85.5,0,0,0,0,0,0,0,0,0
316,Victoria County,Victoria,Male,75 +,3085.3,72.6,0,0,0,0,0,0,726,0,0,0,0,0,0,0,798.5,0,0,0,0,108.9,0,0,0,0,0,0,0,1125.2,0,0,0,0,108.9,0,0,72.6,0,0,0,72.6,0,0,0,0,0,0,0,0,0
317,Victoria County,Victoria,Male,Total,497.8,17.9,0,0,0,0,0,0,102.1,0,0,0,0,0,0,0,121,0,0,0,0,30.3,0,0,0,0,0,0,0,158.9,0,0,0,0,35.8,0,0,16.9,0,0,0,14.8,0,0,0,0,0,0,0,0,0
318,Victoria County,Victoria,Total,0 - 19,28.9,0,0,0,0,0,0,0,0,0,0,0,0,0,0,0,0,0,0,0,0,0,0,0,0,0,0,0,0,0,0,0,0,0,19.3,0,0,0,0,0,0,9.6,0,0,0,0,0,0,0,0,0
319,Victoria County,Victoria,Total,20 - 34,44.2,0,0,0,0,0,0,0,0,0,0,0,0,0,0,0,0,0,0,0,0,0,0,0,29.5,0,0,0,0,0,0,0,0,0,0,0,0,14.7,0,0,0,0,0,0,0,0,0,0,0,0,0
320,Victoria County,Victoria,Total,35 - 64,232.6,7.8,0,0,0,0,0,0,31,0,0,0,0,0,0,0,23.3,0,0,62,0,31,0,0,38.8,0,0,0,0,7.8,0,0,0,0,23.3,0,0,7.8,0,0,0,0,0,0,0,0,0,0,0,0,0
321,Victoria County,Victoria,Total,65 -74,1033,44,0,0,0,0,0,0,131.9,0,0,0,0,0,0,0,285.7,0,0,153.8,0,44,0,0,65.9,0,0,0,0,175.8,0,0,0,0,65.9,0,0,0,0,0,0,65.9,0,0,0,0,0,0,0,0,0
322,Victoria County,Victoria,Total,75 +,2486,32.1,0,0,0,0,0,0,705.7,0,0,0,0,0,0,0,561.3,0,0,240.6,0,48.1,0,0,80.2,0,0,0,0,609.5,0,0,0,0,96.2,0,0,32.1,0,0,0,80.2,0,0,0,0,0,0,0,0,0
323,Victoria County,Victoria,Total,Total,446.2,8.9,0,0,0,0,0,0,93.6,0,0,0,0,0,0,0,98.5,0,0,54.7,0,18.3,0,0,32.7,0,0,0,0,85.4,0,0,0,0,26.8,0,0,10,0,0,0,17.2,0,0,0,0,0,0,0,0,0